train_step,train_loss,train_error,val_loss,val_error
1,0.685111939907074,0.375,0.7591861635446548,0.6599999999999999
2,0.6363045573234558,0.25,1.3344102799892426,0.6599999999999999
3,0.7522510290145874,0.3125,0.9381328225135803,0.6599999999999999
4,0.7493364810943604,0.4375,0.7297998070716858,0.6599999999999999
5,0.6510715484619141,0.3125,0.7399982511997223,0.6599999999999999
6,0.6507821083068848,0.3125,0.7929206341505051,0.6599999999999999
7,0.6636911630630493,0.375,0.84541155397892,0.6599999999999999
8,0.5937751531600952,0.3125,0.9670175611972809,0.6599999999999999
9,0.6714400053024292,0.3125,0.9593832492828369,0.6599999999999999
10,0.668380856513977,0.3125,0.8947509527206421,0.6599999999999999
11,0.635771632194519,0.3125,0.8261205404996872,0.6599999999999999
12,0.7872753143310547,0.5625,0.736232578754425,0.6599999999999999
13,0.651570200920105,0.3125,0.7246127873659134,0.6599999999999999
14,0.5878990888595581,0.0,0.7811838239431381,0.6599999999999999
15,0.660094678401947,0.375,0.8533881157636642,0.6599999999999999
16,0.6172868013381958,0.25,0.9417247772216797,0.6599999999999999
17,0.6361338496208191,0.3125,0.97250996530056,0.6599999999999999
18,0.7544821500778198,0.4375,0.9125324785709381,0.6599999999999999
19,0.5906672477722168,0.3125,0.8569329380989075,0.6599999999999999
20,0.6218655109405518,0.3125,0.814108595252037,0.6599999999999999
21,0.6588205695152283,0.375,0.7757632583379745,0.6599999999999999
22,0.6181272268295288,0.3125,0.806608721613884,0.6599999999999999
23,0.638333797454834,0.3125,0.8419400602579117,0.6599999999999999
24,0.645571231842041,0.3125,0.8567162603139877,0.6599999999999999
25,0.6314425468444824,0.3125,0.8524638116359711,0.6599999999999999
26,0.8183517456054688,0.5625,0.7656285166740417,0.6599999999999999
27,0.6228743195533752,0.3125,0.7360330373048782,0.6599999999999999
28,0.533502459526062,0.0,0.7783487141132355,0.6599999999999999
29,0.6445135474205017,0.375,0.8271236419677734,0.6599999999999999
30,0.5988003015518188,0.25,0.8885434865951538,0.6599999999999999
31,0.6254922151565552,0.3125,0.9409030824899673,0.6599999999999999
32,0.7247256636619568,0.4375,0.929431140422821,0.6599999999999999
33,0.578851580619812,0.3125,0.9180269092321396,0.6599999999999999
34,0.6142198443412781,0.3125,0.8963002264499664,0.6599999999999999
35,0.664235532283783,0.375,0.86125747859478,0.6599999999999999
36,0.5918243527412415,0.3125,0.8511544615030289,0.6599999999999999
37,0.6320940256118774,0.3125,0.8321412205696106,0.6599999999999999
38,0.6351563930511475,0.3125,0.8103275895118713,0.6599999999999999
39,0.6258494853973389,0.3125,0.7916596531867981,0.6599999999999999
40,0.7697151899337769,0.5625,0.743602991104126,0.6599999999999999
41,0.6122402548789978,0.3125,0.7202869057655334,0.6599999999999999
42,0.5120529532432556,0.0,0.7581185549497604,0.6599999999999999
43,0.6226340532302856,0.375,0.8098607361316681,0.6599999999999999
44,0.5743626952171326,0.25,0.8853457421064377,0.6599999999999999
45,0.615545392036438,0.3125,0.9508024156093597,0.6599999999999999
46,0.6924227476119995,0.4375,0.9346173256635666,0.6599999999999999
47,0.5516842007637024,0.3125,0.9144672006368637,0.6599999999999999
48,0.5947821140289307,0.3125,0.8830995857715607,0.6599999999999999
49,0.6508400440216064,0.375,0.8252920061349869,0.6599999999999999
50,0.6051093339920044,0.3125,0.7965389788150787,0.6599999999999999
51,0.6038750410079956,0.3125,0.772040069103241,0.6599999999999999
52,0.6033268570899963,0.3125,0.7528809905052185,0.6599999999999999
53,0.616838276386261,0.3125,0.7466626763343811,0.6599999999999999
54,0.734773576259613,0.5625,0.7215299010276794,0.6599999999999999
55,0.5939447283744812,0.3125,0.7076980322599411,0.6599999999999999
56,0.48207998275756836,0.0,0.7427336424589157,0.6599999999999999
57,0.5803824067115784,0.375,0.8077448606491089,0.6599999999999999
58,0.5344406962394714,0.25,0.9326475411653519,0.6599999999999999
59,0.6166813373565674,0.3125,1.0085868537425995,0.6599999999999999
60,0.6725593209266663,0.4375,0.9370578974485397,0.6599999999999999
61,0.5163719058036804,0.3125,0.8631280660629272,0.6599999999999999
62,0.561890721321106,0.3125,0.7830315679311752,0.6599999999999999
63,0.6023185849189758,0.375,0.7079751342535019,0.6599999999999999
64,0.6516309380531311,0.3125,0.6947725713253021,0.6599999999999999
65,0.5799741744995117,0.3125,0.6961468458175659,0.6599999999999999
66,0.5587007403373718,0.3125,0.698184996843338,0.6599999999999999
67,0.5941575169563293,0.3125,0.714436337351799,0.6599999999999999
68,0.7360578179359436,0.5625,0.6940315961837769,0.6599999999999999
69,0.5446681380271912,0.3125,0.6879289150238037,0.6599999999999999
70,0.2839088439941406,0.0,0.7753534913063049,0.6599999999999999
71,0.540848433971405,0.375,0.8756312876939774,0.6599999999999999
72,0.4880518913269043,0.25,0.9288023263216019,0.6599999999999999
73,0.6113102436065674,0.3125,0.8663652688264847,0.6599999999999999
74,0.5611127614974976,0.4375,0.7265005260705948,0.6599999999999999
75,0.5088014602661133,0.3125,0.6823893636465073,0.6599999999999999
76,0.560008704662323,0.3125,0.6783093959093094,0.64
77,0.5550208687782288,0.375,0.6775589287281036,0.5800000000000001
78,0.6944344639778137,0.4375,0.6912833005189896,0.6599999999999999
79,0.5424091815948486,0.3125,0.724057987332344,0.6599999999999999
80,0.48833760619163513,0.3125,0.7661047428846359,0.6599999999999999
81,0.5721746683120728,0.3125,0.7696167230606079,0.6599999999999999
82,0.7371801733970642,0.5625,0.7121431082487106,0.6599999999999999
83,0.5012408494949341,0.3125,0.7019069045782089,0.6599999999999999
84,0.15260446071624756,0.0,0.7162568420171738,0.6599999999999999
85,0.45779553055763245,0.375,0.7858429998159409,0.6599999999999999
86,0.4129819869995117,0.25,1.0049411356449127,0.6599999999999999
87,0.6190508604049683,0.3125,1.0199620127677917,0.6599999999999999
88,0.5818817019462585,0.4375,0.7528187185525894,0.43999999999999995
89,0.47740745544433594,0.3125,0.660514235496521,0.30000000000000004
90,0.5497502088546753,0.3125,0.6584421545267105,0.26
91,0.5420005917549133,0.25,0.6558377295732498,0.26
92,0.739251971244812,0.5,0.6603114455938339,0.21999999999999997
93,0.5436182022094727,0.375,0.6781763285398483,0.36
94,0.44638606905937195,0.1875,0.7505167499184608,0.48
95,0.5078597068786621,0.25,0.8345716744661331,0.6599999999999999
96,0.7325682044029236,0.5625,0.7266253903508186,0.56
97,0.4160729646682739,0.3125,0.6979276090860367,0.45999999999999996
98,0.037980079650878906,0.0,0.6973921358585358,0.42000000000000004
99,0.43807047605514526,0.125,0.7138067409396172,0.43999999999999995
100,0.42090168595314026,0.125,0.8772300481796265,0.54
101,0.5582128167152405,0.25,1.1306581646203995,0.6599999999999999
102,0.5609041452407837,0.375,0.9623024463653564,0.5
103,0.4159989356994629,0.1875,0.8468583077192307,0.45999999999999996
104,0.4809359908103943,0.125,0.7729900628328323,0.43999999999999995
105,0.4783276319503784,0.25,0.6901480257511139,0.38
106,0.6782032251358032,0.375,0.6578773856163025,0.30000000000000004
107,0.5158568620681763,0.375,0.6530593037605286,0.28
108,0.4329336881637573,0.0625,0.6655010432004929,0.36
109,0.5356188416481018,0.25,0.7520532459020615,0.6
110,0.608789324760437,0.25,0.7641199231147766,0.54
111,0.3802832067012787,0.3125,0.7869556844234467,0.45999999999999996
112,0.01134347915649414,0.0,0.8585404008626938,0.48
113,0.4713204503059387,0.375,0.7708890065550804,0.4
114,0.34476399421691895,0.1875,0.6866574585437775,0.36
115,0.5403895378112793,0.3125,0.6903338730335236,0.36
116,0.35214129090309143,0.0625,0.755562037229538,0.4
117,0.41611412167549133,0.1875,1.0371724516153336,0.45999999999999996
118,0.4629996418952942,0.25,1.1348890662193298,0.5
119,0.5148169994354248,0.25,0.693353921175003,0.4
120,0.6909934282302856,0.3125,0.5695579200983047,0.24
121,0.49267539381980896,0.3125,0.574993833899498,0.24
122,0.41169893741607666,0.125,0.5747931748628616,0.24
123,0.5614606142044067,0.3125,0.767307460308075,0.43999999999999995
124,0.5802212953567505,0.25,1.024153247475624,0.52
125,0.45113760232925415,0.3125,0.781729020178318,0.45999999999999996
126,0.005859851837158203,0.0,0.6666254550218582,0.38
127,0.3875713348388672,0.0625,0.6190566197037697,0.28
128,0.3966000974178314,0.1875,0.6638997793197632,0.33999999999999997
129,0.47559741139411926,0.3125,0.8915370404720306,0.52
130,0.4012502133846283,0.125,1.059847891330719,0.48
131,0.30497118830680847,0.0625,1.5329921245574951,0.62
132,0.476749986410141,0.3125,1.1594984829425812,0.48
133,0.4435318410396576,0.1875,0.6030624210834503,0.31999999999999995
134,0.5582387447357178,0.25,0.5449199676513672,0.21999999999999997
135,0.47282499074935913,0.25,0.565837912261486,0.24
136,0.3978811800479889,0.1875,0.5512406155467033,0.24
137,0.6231263875961304,0.375,0.6223609521985054,0.36
138,0.4954935610294342,0.25,0.9145050197839737,0.5
139,0.33867913484573364,0.25,0.9513876587152481,0.5
140,0.0019135475158691406,0.0,0.9971708655357361,0.5
141,0.5468766689300537,0.375,0.6721751391887665,0.38
142,0.3060420751571655,0.1875,0.5606561303138733,0.30000000000000004
143,0.4886300265789032,0.3125,0.55150106549263,0.30000000000000004
144,0.38081860542297363,0.125,0.5824221223592758,0.31999999999999995
145,0.45011210441589355,0.25,0.708649255335331,0.4
146,0.3744990825653076,0.125,1.1574914306402206,0.48
147,0.4078110456466675,0.1875,1.190787985920906,0.5
148,0.7260806560516357,0.375,0.9127496927976608,0.43999999999999995
149,0.5530133843421936,0.3125,0.5619069784879684,0.31999999999999995
150,0.3087681233882904,0.125,0.5482148379087448,0.21999999999999997
151,0.6608631610870361,0.4375,0.5718313902616501,0.24
152,0.5561661720275879,0.3125,0.5823156908154488,0.24
153,0.6945446133613586,0.5625,0.5670240223407745,0.24
154,0.1278773546218872,0.0,0.6164726614952087,0.38
155,0.4142468273639679,0.25,0.8192180767655373,0.42000000000000004
156,0.3324505686759949,0.25,1.0570989400148392,0.56
157,0.4937015175819397,0.3125,1.0177911072969437,0.6
158,0.4009861350059509,0.3125,0.8643016666173935,0.54
159,0.4149017333984375,0.0625,0.7787134274840355,0.43999999999999995
160,0.42109623551368713,0.1875,0.7741613313555717,0.43999999999999995
161,0.37652260065078735,0.0625,0.8234644085168839,0.48
162,0.5004823803901672,0.25,0.8612560704350471,0.45999999999999996
163,0.3656008839607239,0.25,0.8400954678654671,0.42000000000000004
164,0.33534741401672363,0.25,0.7206094563007355,0.4
165,0.5012052655220032,0.375,0.5890573486685753,0.30000000000000004
166,0.5508584976196289,0.25,0.5884333625435829,0.26
167,0.5493224263191223,0.25,0.599382147192955,0.24
168,0.09666132926940918,0.0,0.5969828367233276,0.26
169,0.41162851452827454,0.1875,0.6053422093391418,0.33999999999999997
170,0.4170018136501312,0.25,0.7925356477499008,0.43999999999999995
171,0.33730995655059814,0.125,1.227303147315979,0.64
172,0.4391814172267914,0.3125,1.3079464584589005,0.56
173,0.3388589024543762,0.0625,1.3788294792175293,0.54
174,0.3995291590690613,0.3125,1.0316988304257393,0.42000000000000004
175,0.2865672707557678,0.125,0.6827245242893696,0.36
176,0.4371468126773834,0.1875,0.5456062406301498,0.28
177,0.3402385115623474,0.125,0.5283760726451874,0.24
178,0.2711219787597656,0.0625,0.5318946614861488,0.24
179,0.5343953371047974,0.3125,0.5745362192392349,0.30000000000000004
180,0.4365844130516052,0.25,0.6806963756680489,0.38
181,0.23265305161476135,0.0,0.996653750538826,0.48
182,0.00026416778564453125,0.0,1.5296764075756073,0.6
183,0.8646900057792664,0.375,0.8114533424377441,0.4
184,0.30589812994003296,0.1875,0.5741037167608738,0.31999999999999995
185,0.44104552268981934,0.1875,0.5769053995609283,0.30000000000000004
186,0.2821345627307892,0.125,0.6695328652858734,0.31999999999999995
187,0.4787960648536682,0.25,0.9080048687756062,0.42000000000000004
188,0.31285902857780457,0.0625,1.3678406476974487,0.5
189,0.3900401294231415,0.25,1.1639481037855148,0.45999999999999996
190,0.5707210898399353,0.375,0.8603702634572983,0.42000000000000004
191,0.3492521345615387,0.3125,0.5909006483852863,0.31999999999999995
192,0.300280898809433,0.125,0.5072689577937126,0.21999999999999997
193,0.5474258661270142,0.3125,0.5079363733530045,0.21999999999999997
194,0.48556631803512573,0.1875,0.5123652219772339,0.24
195,0.37694209814071655,0.1875,0.6261609047651291,0.36
196,0.0012865066528320312,0.0,0.9032203108072281,0.43999999999999995
197,0.45714887976646423,0.3125,1.065247431397438,0.5
198,0.38198015093803406,0.25,0.9112108424305916,0.45999999999999996
199,0.47559553384780884,0.4375,0.6868303194642067,0.38
200,0.243016317486763,0.0625,0.5659486874938011,0.26
201,0.4668377935886383,0.25,0.5414972901344299,0.21999999999999997
202,0.5287023186683655,0.3125,0.5814943313598633,0.28
203,0.3345545530319214,0.125,0.7639256119728088,0.38
204,0.4069019556045532,0.125,1.118611365556717,0.6
205,0.3815108835697174,0.25,1.1140073835849762,0.56
206,0.49755626916885376,0.3125,0.7506192028522491,0.38
207,0.4567059278488159,0.375,0.5342313200235367,0.26
208,0.4679589867591858,0.1875,0.5446035265922546,0.26
209,0.5982735753059387,0.4375,0.5426253005862236,0.26
210,0.030633211135864258,0.0,0.5325748324394226,0.24
211,0.4443378150463104,0.1875,0.5320011377334595,0.26
212,0.4206729233264923,0.25,0.7127487361431122,0.36
213,0.38158515095710754,0.1875,1.1463795751333237,0.48
214,0.3310759663581848,0.25,1.3145358115434647,0.56
215,0.2863679826259613,0.0625,1.491324543952942,0.62
216,0.3952353596687317,0.3125,1.2506970912218094,0.52
217,0.316407710313797,0.125,0.83699731528759,0.36
218,0.36937111616134644,0.125,0.6454813480377197,0.30000000000000004
219,0.27956926822662354,0.0625,0.5798058286309242,0.24
220,0.25025442242622375,0.0625,0.5494487509131432,0.28
221,0.4087935984134674,0.1875,0.5827444046735764,0.28
222,0.4447011649608612,0.25,0.5788878947496414,0.28
223,0.21154053509235382,0.0,0.6118089184165001,0.31999999999999995
224,0.0006518363952636719,0.0,0.6595534570515156,0.33999999999999997
225,0.3435263931751251,0.1875,0.6614615768194199,0.33999999999999997
226,0.26550859212875366,0.125,0.660675436258316,0.31999999999999995
227,0.3224790394306183,0.0625,0.675998255610466,0.33999999999999997
228,0.2091449350118637,0.0625,0.7215204983949661,0.31999999999999995
229,0.294653981924057,0.125,1.1303205341100693,0.43999999999999995
230,0.2172834873199463,0.0,1.964796930551529,0.62
231,0.5220726728439331,0.1875,1.46360582113266,0.48
232,0.48919638991355896,0.25,0.7432461157441139,0.33999999999999997
233,0.26593831181526184,0.25,0.5041901096701622,0.28
234,0.20128171145915985,0.0625,0.5197125896811485,0.24
235,0.7016835808753967,0.375,0.5704138055443764,0.24
236,0.41552504897117615,0.1875,0.7944567315280437,0.36
237,0.22267211973667145,0.125,0.8122648596763611,0.36
238,6.008148193359375e-05,0.0,0.8302971571683884,0.36
239,0.43306100368499756,0.1875,0.7983264438807964,0.38
240,0.26397061347961426,0.125,0.7327846065163612,0.38
241,0.39711353182792664,0.1875,0.6850078925490379,0.31999999999999995
242,0.16412249207496643,0.0,0.7126042582094669,0.38
243,0.40169835090637207,0.1875,1.0717718601226807,0.45999999999999996
244,0.29126134514808655,0.0625,1.69563028216362,0.6
245,0.369035005569458,0.1875,1.5784558653831482,0.5800000000000001
246,0.38352638483047485,0.1875,1.0735740959644318,0.48
247,0.2217268943786621,0.1875,0.5905958861112595,0.28
248,0.1934085190296173,0.0625,0.5457998290657997,0.24
249,0.559280276298523,0.3125,0.5528088957071304,0.24
250,0.42227083444595337,0.125,0.5535726472735405,0.24
251,0.3284226357936859,0.0625,0.6541678830981255,0.33999999999999997
252,0.0004239082336425781,0.0,0.9708127379417419,0.42000000000000004
253,0.38335439562797546,0.1875,1.3023568391799927,0.5
254,0.35222700238227844,0.25,1.061852976679802,0.48
255,0.383195698261261,0.1875,0.7488033249974251,0.38
256,0.2656840980052948,0.0625,0.6436429619789124,0.38
257,0.4014877378940582,0.1875,0.6383520513772964,0.28
258,0.5564216375350952,0.25,0.6562604904174805,0.28
259,0.499946653842926,0.1875,0.638484038412571,0.33999999999999997
260,0.3940998315811157,0.125,0.7280394770205021,0.36
261,0.20846188068389893,0.0,1.060873955488205,0.43999999999999995
262,0.2936038672924042,0.125,1.137139655649662,0.5
263,0.581457793712616,0.3125,0.7210244387388229,0.36
264,0.47659599781036377,0.125,0.5685080885887146,0.26
265,0.32311126589775085,0.0625,0.5925488993525505,0.26
266,0.011909008026123047,0.0,0.6139837205410004,0.28
267,0.5364407300949097,0.375,0.5874710530042648,0.30000000000000004
268,0.5809289216995239,0.375,0.7294221222400665,0.33999999999999997
269,0.30232635140419006,0.0625,1.4473181664943695,0.6599999999999999
270,0.6377665996551514,0.3125,1.3212975561618805,0.62
271,0.21425968408584595,0.125,1.2089651077985764,0.54
272,0.24815700948238373,0.0625,1.1046410724520683,0.48
273,0.22773049771785736,0.0625,0.8923352956771851,0.4
274,0.30967605113983154,0.125,0.7564664632081985,0.4
275,0.1572125107049942,0.0,0.6640620604157448,0.30000000000000004
276,0.18655380606651306,0.0625,0.6034038327634335,0.30000000000000004
277,0.33820444345474243,0.1875,0.5939896889030933,0.28
278,0.4144711196422577,0.25,0.5476135648787022,0.28
279,0.17202377319335938,0.0625,0.557208176702261,0.28
280,0.0005340576171875,0.0,0.5680645033717155,0.28
281,0.3662089705467224,0.1875,0.6141909956932068,0.28
282,0.2741658091545105,0.125,0.7738618850708008,0.33999999999999997
283,0.3943679928779602,0.25,0.9657898657023907,0.38
284,0.12323715537786484,0.0,1.0977678149938583,0.38
285,0.2136887013912201,0.125,1.5771082937717438,0.52
286,0.3119296431541443,0.25,1.4857860207557678,0.52
287,0.20947962999343872,0.0625,0.9869987964630127,0.38
288,0.2785091996192932,0.0625,0.693862795829773,0.30000000000000004
289,0.11643514037132263,0.0,0.591774832457304,0.26
290,0.15980175137519836,0.0625,0.5437191426753998,0.28
291,0.37438952922821045,0.1875,0.5803731754422188,0.28
292,0.3026573061943054,0.125,0.665352176874876,0.30000000000000004
293,0.10976309329271317,0.0,0.7161390781402588,0.30000000000000004
294,0.00010585784912109375,0.0,0.7792727015912533,0.33999999999999997
295,0.25872087478637695,0.0625,0.7935081273317337,0.33999999999999997
296,0.25045332312583923,0.1875,0.7534545250236988,0.31999999999999995
297,0.26451095938682556,0.0625,0.6900977306067944,0.30000000000000004
298,0.16394028067588806,0.0625,0.6588152833282948,0.28
299,0.3243636190891266,0.125,0.7774158865213394,0.31999999999999995
300,0.3249736726284027,0.125,1.4379998445510864,0.48
301,0.14996503293514252,0.0625,2.0855089128017426,0.5800000000000001
302,0.4446611702442169,0.1875,1.483342468738556,0.56
303,0.33807677030563354,0.1875,0.5754773430526257,0.28
304,0.12700018286705017,0.0625,0.6761076673865318,0.21999999999999997
305,0.8937229514122009,0.375,0.6472440958023071,0.24
306,0.46979573369026184,0.25,0.5576396659016609,0.24
307,0.24502351880073547,0.0625,0.7101565338671207,0.31999999999999995
308,6.389617919921875e-05,0.0,1.1390460655093193,0.42000000000000004
309,0.3676796853542328,0.125,1.5776707828044891,0.52
310,0.3874100148677826,0.25,1.1993229165673256,0.45999999999999996
311,0.34566766023635864,0.25,0.7595927491784096,0.33999999999999997
312,0.13901099562644958,0.0,0.6017230823636055,0.28
313,0.4321726858615875,0.25,0.6503286063671112,0.28
314,0.5751560926437378,0.25,0.7730990499258041,0.33999999999999997
315,0.4711979925632477,0.25,0.8032919764518738,0.36
316,0.4446309506893158,0.1875,0.771165058016777,0.36
317,0.40986454486846924,0.3125,0.8715143017470837,0.36
318,0.15639103949069977,0.0,1.1811839044094086,0.42000000000000004
319,0.5031593441963196,0.25,1.020038329064846,0.38
320,0.6995008587837219,0.3125,0.6534301340579987,0.30000000000000004
321,0.200556218624115,0.0625,0.5878465473651886,0.21999999999999997
322,0.005159854888916016,0.0,0.5998746082186699,0.24
323,0.536666214466095,0.3125,0.6007220894098282,0.24
324,0.7793325185775757,0.5,0.5803970620036125,0.24
325,0.6902947425842285,0.4375,0.5634556636214256,0.24
326,0.3329635262489319,0.0625,0.6410259306430817,0.31999999999999995
327,0.35645249485969543,0.125,0.9875708520412445,0.6
328,0.3285418152809143,0.1875,1.4976198226213455,0.6799999999999999
329,0.4967462122440338,0.375,1.572055622935295,0.6799999999999999
330,0.5139914751052856,0.3125,1.3952279388904572,0.6799999999999999
331,0.5719752311706543,0.3125,0.9355917274951935,0.6
332,0.3638240396976471,0.3125,0.6584649384021759,0.36
333,0.3366207480430603,0.0625,0.5849930495023727,0.24
334,0.4203532040119171,0.125,0.5729021802544594,0.24
335,0.4360083341598511,0.0625,0.5716874375939369,0.24
336,0.05507540702819824,0.0,0.5702168866991997,0.24
337,0.35634374618530273,0.125,0.5778179839253426,0.24
338,0.36487337946891785,0.1875,0.6969245970249176,0.36
339,0.338787317276001,0.125,1.0307908356189728,0.52
340,0.2838726341724396,0.0625,1.2596172988414764,0.52
341,0.25526171922683716,0.125,1.4291496574878693,0.5800000000000001
342,0.30517053604125977,0.125,1.3842540085315704,0.56
343,0.2055407166481018,0.0625,1.1778289824724197,0.52
344,0.3022240996360779,0.125,0.9360942542552948,0.43999999999999995
345,0.12987276911735535,0.0,0.7620242796838284,0.36
346,0.17698156833648682,0.0625,0.6450993567705154,0.30000000000000004
347,0.25440311431884766,0.125,0.601691834628582,0.30000000000000004
348,0.29755711555480957,0.0625,0.5817515626549721,0.30000000000000004
349,0.18327826261520386,0.0625,0.6147066503763199,0.30000000000000004
350,0.0006165504455566406,0.0,0.657344862818718,0.30000000000000004
351,0.25678253173828125,0.125,0.7503547966480255,0.28
352,0.24033036828041077,0.125,1.0121499672532082,0.38
353,0.26487645506858826,0.0625,1.194272518157959,0.48
354,0.22747845947742462,0.125,0.8934992924332619,0.36
355,0.24601568281650543,0.125,0.9277248345315456,0.36
356,0.32060572504997253,0.1875,1.325532466173172,0.45999999999999996
357,0.0735674500465393,0.0,1.8259500116109848,0.5
358,0.26019594073295593,0.125,1.7760775089263916,0.52
359,0.1956038475036621,0.125,0.9630249626934528,0.33999999999999997
360,0.16010385751724243,0.0625,0.6111249849200249,0.28
361,0.32228702306747437,0.125,0.5932907238602638,0.26
362,0.3588211238384247,0.1875,0.5934291854500771,0.26
363,0.18919119238853455,0.0625,0.6594712175428867,0.26
364,5.245208740234375e-05,0.0,0.8348667845129967,0.31999999999999995
365,0.2879607081413269,0.125,1.2682088240981102,0.45999999999999996
366,0.21845385432243347,0.0625,1.6128441095352173,0.5
367,0.4803512394428253,0.3125,0.9171484373509884,0.33999999999999997
368,0.08143457025289536,0.0,0.6321745067834854,0.31999999999999995
369,0.4314311444759369,0.1875,0.5961132124066353,0.26
370,0.6049322485923767,0.3125,0.6137782260775566,0.30000000000000004
371,0.32680562138557434,0.125,0.7696046903729439,0.31999999999999995
372,0.20028507709503174,0.0625,1.1442362442612648,0.45999999999999996
373,0.07073407620191574,0.0,1.6949619352817535,0.52
374,0.345927357673645,0.1875,1.2299578562378883,0.45999999999999996
375,0.3097386360168457,0.1875,0.7234889008104801,0.31999999999999995
376,0.24049434065818787,0.0625,0.6656328737735748,0.26
377,0.3236435651779175,0.0625,0.6758983135223389,0.26
378,0.011697769165039062,0.0,0.6792926266789436,0.26
379,0.38318827748298645,0.1875,0.6874822825193405,0.24
380,0.5645877122879028,0.375,0.7967255562543869,0.33999999999999997
381,0.4295135736465454,0.1875,1.2995441630482674,0.54
382,0.42835643887519836,0.1875,1.4875421077013016,0.5
383,0.21780483424663544,0.125,2.016989082098007,0.5800000000000001
384,0.35858646035194397,0.25,1.777932122349739,0.52
385,0.21100398898124695,0.125,1.2041496224701405,0.42000000000000004
386,0.21843987703323364,0.0625,0.8199755847454071,0.33999999999999997
387,0.10682375729084015,0.0,0.6436870656907558,0.30000000000000004
388,0.1639784574508667,0.0625,0.5706121027469635,0.26
389,0.3016785979270935,0.125,0.5809883661568165,0.26
390,0.32952257990837097,0.1875,0.6036952175199986,0.26
391,0.10300096124410629,0.0,0.6451320387423038,0.30000000000000004
392,3.814697265625e-05,0.0,0.6918332651257515,0.28
393,0.2830035090446472,0.125,0.826224859803915,0.33999999999999997
394,0.20249304175376892,0.0625,1.023219645023346,0.36
395,0.32236456871032715,0.1875,1.2060144245624542,0.42000000000000004
396,0.14640220999717712,0.0,1.1105258576571941,0.4
397,0.1586613953113556,0.0625,1.2462670505046844,0.42000000000000004
398,0.17819882929325104,0.0625,1.634456753730774,0.52
399,0.12059733271598816,0.0625,1.6815133392810822,0.52
400,0.1870270073413849,0.0625,1.5346026569604874,0.5
401,0.1605192869901657,0.0625,0.9504148922860622,0.33999999999999997
402,0.1998727023601532,0.125,0.6536089442670345,0.26
403,0.24128004908561707,0.125,0.5942013971507549,0.26
404,0.2841363549232483,0.125,0.5977781563997269,0.26
405,0.0869755670428276,0.0,0.6594975236803293,0.26
406,1.621246337890625e-05,0.0,0.747066892683506,0.26
407,0.24788497388362885,0.0625,0.9359715320169926,0.30000000000000004
408,0.21151646971702576,0.0625,1.2215595841407776,0.42000000000000004
409,0.28204578161239624,0.125,1.3933041766285896,0.48
410,0.1357601284980774,0.0,1.1867464184761047,0.38
411,0.1639956682920456,0.0625,1.3260440528392792,0.43999999999999995
412,0.2018837034702301,0.125,2.030134618282318,0.52
413,0.07961619645357132,0.0,2.6766258776187897,0.54
414,0.15929220616817474,0.0625,2.807561546564102,0.56
415,0.2158735990524292,0.1875,1.3726275265216827,0.42000000000000004
416,0.1406676471233368,0.0625,0.744465259835124,0.30000000000000004
417,0.1989087164402008,0.125,0.6502075418829918,0.24
418,0.2398403286933899,0.0625,0.6934043765068054,0.24
419,0.22711028158664703,0.0625,0.6811560317873955,0.24
420,3.4332275390625e-05,0.0,0.6759006157517433,0.24
421,0.3467957079410553,0.125,0.6836571395397186,0.26
422,0.35026735067367554,0.1875,1.0191319696605206,0.33999999999999997
423,0.30758100748062134,0.125,1.848794847726822,0.5
424,0.1535215824842453,0.0,2.170300841331482,0.52
425,0.13778457045555115,0.0625,2.3688026070594788,0.52
426,0.21304619312286377,0.125,1.9503152668476105,0.5
427,0.07747073471546173,0.0,1.5777115523815155,0.43999999999999995
428,0.10236452519893646,0.0,1.2984309569001198,0.38
429,0.04865485429763794,0.0,1.1010736264288425,0.31999999999999995
430,0.08690910041332245,0.0,0.9495468363165855,0.31999999999999995
431,0.1302839070558548,0.0625,0.8700583092868328,0.30000000000000004
432,0.19648101925849915,0.0625,0.7823710478842258,0.28
433,0.07406499236822128,0.0,0.7565917298197746,0.28
434,1.9073486328125e-06,0.0,0.7403591312468052,0.28
435,0.2504873275756836,0.125,0.7604045122861862,0.28
436,0.22617249190807343,0.125,0.9040847942233086,0.30000000000000004
437,0.26291000843048096,0.0625,1.2616245932877064,0.31999999999999995
438,0.0845041573047638,0.0,1.8677351102232933,0.48
439,0.091642826795578,0.0625,3.5094679594039917,0.56
440,0.19586555659770966,0.0625,3.125155597925186,0.56
441,0.20135682821273804,0.0625,1.443847220391035,0.33999999999999997
442,0.1400497406721115,0.0625,1.0122229661792517,0.28
443,0.06194079667329788,0.0,0.8555881381034851,0.28
444,0.04832320287823677,0.0,0.806623999029398,0.30000000000000004
445,0.249440535902977,0.125,1.1182170864194632,0.31999999999999995
446,0.2069951891899109,0.0625,1.3021164033561945,0.36
447,0.0701489970088005,0.0,1.285973601974547,0.36
448,0.0,0.0,1.2759260050952435,0.36
449,0.31976205110549927,0.125,1.3440822158008814,0.36
450,0.18220143020153046,0.0625,1.3919194415211678,0.36
451,0.23889100551605225,0.0625,1.7406941093504429,0.38
452,0.04485935717821121,0.0,2.1022242195904255,0.4
453,0.15085527300834656,0.0625,2.6933241337537766,0.43999999999999995
454,0.1281776875257492,0.0,2.9446413218975067,0.5
455,0.08158522844314575,0.0,2.8449808955192566,0.52
456,0.20722700655460358,0.0625,1.980297863483429,0.42000000000000004
457,0.11115924268960953,0.0625,1.3011142369359732,0.31999999999999995
458,0.03568777069449425,0.0,0.9271929003298283,0.26
459,0.14504364132881165,0.0625,0.877621091902256,0.28
460,0.17834876477718353,0.0625,0.8728191331028938,0.28
461,0.09871463477611542,0.0625,0.9582783281803131,0.30000000000000004
462,0.0,0.0,1.1253821551799774,0.31999999999999995
463,0.22904564440250397,0.0625,1.374730248004198,0.31999999999999995
464,0.21590273082256317,0.0625,1.5402352325618267,0.4
465,0.3040614724159241,0.0625,1.461336337029934,0.4
466,0.06008577719330788,0.0,1.4498757999390364,0.4
467,0.16095730662345886,0.0625,1.7795062959194183,0.43999999999999995
468,0.12448298186063766,0.0,3.303035408258438,0.52
469,0.04854230210185051,0.0,4.871426999568939,0.62
470,0.26971766352653503,0.0625,3.8919217586517334,0.56
471,0.16405773162841797,0.0625,1.6180789023637772,0.4
472,0.07246226817369461,0.0,0.8600786179304123,0.30000000000000004
473,0.2016957402229309,0.0625,0.8630938902497292,0.28
474,0.2738489806652069,0.125,0.8796218186616898,0.30000000000000004
475,0.10792776942253113,0.0625,1.159334186464548,0.33999999999999997
476,0.0,0.0,1.6353609934449196,0.38
477,0.23052142560482025,0.0625,2.179458335042,0.5
478,0.22456999123096466,0.125,2.1610041558742523,0.48
479,0.19963571429252625,0.0625,2.1545380502939224,0.48
480,0.11075657606124878,0.0,1.6552959084510803,0.4
481,0.21332934498786926,0.0625,1.6422732323408127,0.38
482,0.2999130189418793,0.1875,2.2860260605812073,0.5
483,0.048632364720106125,0.0,3.1235245764255524,0.5800000000000001
484,0.1471472829580307,0.0625,3.5773912370204926,0.54
485,0.07084924727678299,0.0,3.774527996778488,0.56
486,0.8135552406311035,0.1875,1.381641699001193,0.36
487,0.14605532586574554,0.0,0.9419703036546707,0.26
488,0.2940369248390198,0.125,1.0404888540506363,0.30000000000000004
489,1.4050287008285522,0.5625,0.9781724065542221,0.30000000000000004
490,0.8847578763961792,1.0,1.1563434079289436,0.38
491,0.21550124883651733,0.0625,4.821342319250107,0.62
492,1.6750959157943726,0.25,6.127165675163269,0.6599999999999999
493,2.887836456298828,0.3125,4.251063376665115,0.6599999999999999
494,1.607550859451294,0.375,2.1014868021011353,0.64
495,0.5361948609352112,0.125,1.199495255947113,0.54
496,0.2790760397911072,0.0625,0.9017091244459152,0.5
497,0.3088299632072449,0.0625,0.7818827033042908,0.42000000000000004
498,0.3241121172904968,0.0625,0.7194112539291382,0.30000000000000004
499,0.44963884353637695,0.125,0.6548696756362915,0.26
500,0.3885834813117981,0.1875,0.6265327408909798,0.26
501,0.4849804639816284,0.25,0.6109476760029793,0.26
502,0.4719246029853821,0.1875,0.6006706953048706,0.26
503,0.471351683139801,0.1875,0.5935102105140686,0.24
504,0.07752299308776855,0.0,0.5878050774335861,0.26
505,0.40792784094810486,0.1875,0.5852224230766296,0.28
506,0.4684440791606903,0.3125,0.6006401479244232,0.31999999999999995
507,0.3975670039653778,0.125,0.6669593453407288,0.4
508,0.28911292552948,0.0,0.7642882689833641,0.54
509,0.3668200671672821,0.125,0.8951910510659218,0.6
510,0.44778963923454285,0.3125,0.9783856868743896,0.6
511,0.40723156929016113,0.25,0.9612320065498352,0.56
512,0.38843876123428345,0.1875,0.9167059734463692,0.56
513,0.2884036898612976,0.125,0.818502239882946,0.5
514,0.3430122137069702,0.1875,0.7129987925291061,0.4
515,0.34065496921539307,0.1875,0.6244376376271248,0.31999999999999995
516,0.6242008209228516,0.375,0.5965750366449356,0.28
517,0.3102552890777588,0.0625,0.6267605125904083,0.24
518,0.008570194244384766,0.0,0.6565834283828735,0.21999999999999997
519,0.44546252489089966,0.1875,0.668338231742382,0.21999999999999997
520,0.7041600942611694,0.4375,0.6545717269182205,0.24
521,0.6841168403625488,0.375,0.6380131840705872,0.30000000000000004
522,0.18199941515922546,0.0,0.7221829071640968,0.33999999999999997
523,0.2548741102218628,0.125,1.0300525575876236,0.6
524,0.23673826456069946,0.0,1.6488086879253387,0.62
525,0.3636981248855591,0.125,1.8189439922571182,0.64
526,0.3065375089645386,0.1875,1.7779657691717148,0.64
527,0.39087194204330444,0.3125,1.2767435312271118,0.56
528,0.2723148465156555,0.125,0.9088257104158401,0.43999999999999995
529,0.2419559359550476,0.125,0.7017278149724007,0.31999999999999995
530,0.3447352945804596,0.125,0.663276843726635,0.28
531,0.27808743715286255,0.125,0.6799719333648682,0.24
532,0.0019021034240722656,0.0,0.6969703957438469,0.24
533,0.5014075636863708,0.3125,0.7016859278082848,0.24
534,0.7797232270240784,0.5,0.6944698467850685,0.24
535,0.7652408480644226,0.375,0.6817508935928345,0.21999999999999997
536,0.32643064856529236,0.1875,0.6679875701665878,0.28
537,0.44556325674057007,0.25,0.7342887818813324,0.31999999999999995
538,0.4018104076385498,0.1875,1.062209703028202,0.4
539,0.16730695962905884,0.0,1.719268560409546,0.6
540,0.30665460228919983,0.1875,2.289320230484009,0.6
541,0.3553600311279297,0.1875,2.094731330871582,0.64
542,0.47283777594566345,0.25,1.3690096884965897,0.54
543,0.4332274794578552,0.3125,0.837385430932045,0.38
544,0.3756110668182373,0.1875,0.7297249287366867,0.26
545,0.2818794846534729,0.0625,0.7057043612003326,0.26
546,0.0016202926635742188,0.0,0.6898520514369011,0.30000000000000004
547,0.48887696862220764,0.3125,0.6886279955506325,0.31999999999999995
548,0.7522993087768555,0.5625,0.6903340891003609,0.33999999999999997
549,0.6983829736709595,0.4375,0.7006966173648834,0.33999999999999997
550,0.43190309405326843,0.1875,0.7170092016458511,0.31999999999999995
551,0.5908858776092529,0.375,0.7516357973217964,0.28
552,0.6726720333099365,0.5,0.8449652642011642,0.28
553,0.5179947018623352,0.3125,1.115568608045578,0.45999999999999996
554,0.43388140201568604,0.125,1.8163537979125977,0.56
555,0.4625595211982727,0.25,1.6491112411022186,0.5800000000000001
556,0.3389626741409302,0.0625,1.2388870120048523,0.5800000000000001
557,0.2641821801662445,0.1875,1.2053149715065956,0.54
558,0.5446277856826782,0.3125,1.0572288557887077,0.5
559,0.25276410579681396,0.1875,0.9172157347202301,0.42000000000000004
560,5.7220458984375e-06,0.0,0.8231267407536507,0.38
561,0.2956993281841278,0.0625,0.7676364853978157,0.33999999999999997
562,0.3093612790107727,0.0625,0.771737702190876,0.31999999999999995
563,0.35526829957962036,0.125,0.8272493854165077,0.36
564,0.23960429430007935,0.0,0.913593240082264,0.4
565,0.3101364076137543,0.125,1.059219442307949,0.38
566,0.3087257742881775,0.125,1.2963735610246658,0.43999999999999995
567,0.1938471496105194,0.0,1.5635637044906616,0.52
568,0.330850750207901,0.125,1.6742001473903656,0.56
569,0.19352711737155914,0.0625,1.606523223221302,0.5
570,0.30928653478622437,0.3125,1.3470823541283607,0.43999999999999995
571,0.31670188903808594,0.1875,0.9217433743178844,0.38
572,0.3389585614204407,0.125,0.7172929123044014,0.26
573,0.17415359616279602,0.0625,0.7135551124811172,0.26
574,1.430511474609375e-05,0.0,0.7234240993857384,0.24
575,0.4320756793022156,0.25,0.7249332442879677,0.26
576,0.7306600213050842,0.5,0.729035459458828,0.24
577,0.6704766154289246,0.375,0.757262796163559,0.28
578,0.2679261565208435,0.125,0.8445251733064651,0.31999999999999995
579,0.3090711534023285,0.125,1.2285556346178055,0.36
580,0.31933608651161194,0.125,3.0901738107204437,0.6
581,0.31142526865005493,0.0625,3.8332435488700867,0.6
582,0.18120525777339935,0.0625,4.226683139801025,0.6
583,0.2036847621202469,0.125,3.2786643505096436,0.56
584,0.34749066829681396,0.0625,1.4568349570035934,0.45999999999999996
585,0.14783954620361328,0.0,0.9421919137239456,0.31999999999999995
586,0.26855120062828064,0.0625,0.7693685740232468,0.26
587,0.17216570675373077,0.0625,0.7277970165014267,0.26
588,1.52587890625e-05,0.0,0.7074023932218552,0.24
589,0.301929235458374,0.125,0.7022985070943832,0.24
590,0.5280277132987976,0.3125,0.7059965655207634,0.24
591,0.5576171875,0.3125,0.7139571011066437,0.26
592,0.2219085395336151,0.0625,0.7854197919368744,0.30000000000000004
593,0.3120536506175995,0.1875,1.0308915823698044,0.4
594,0.3212209641933441,0.1875,1.5771562457084656,0.52
595,0.1424901783466339,0.0,2.252129405736923,0.56
596,0.2341311126947403,0.125,2.713470011949539,0.64
597,0.2818544805049896,0.0625,2.5719843208789825,0.62
598,0.46417656540870667,0.25,1.655476912856102,0.56
599,0.3279131352901459,0.1875,0.8406168445944786,0.33999999999999997
600,0.27289390563964844,0.0625,0.706392876803875,0.24
601,0.23371145129203796,0.0625,0.6956625133752823,0.24
602,0.0002994537353515625,0.0,0.6946640238165855,0.28
603,0.5272630453109741,0.25,0.6992019489407539,0.28
604,0.8882977366447449,0.5625,0.6836776062846184,0.30000000000000004
605,0.79900062084198,0.4375,0.6650749146938324,0.31999999999999995
606,0.40226224064826965,0.1875,0.6830795407295227,0.28
607,0.5674265027046204,0.3125,0.7801744490861893,0.30000000000000004
608,0.5000361204147339,0.3125,1.1303999871015549,0.42000000000000004
609,0.2930445969104767,0.125,2.678538829088211,0.5800000000000001
610,0.15552310645580292,0.0,5.181875467300415,0.62
611,0.2970978915691376,0.1875,4.758728742599487,0.62
612,0.5262944102287292,0.1875,2.4293966591358185,0.56
613,0.3973826766014099,0.25,0.9942160695791245,0.33999999999999997
614,0.3330737352371216,0.0625,0.721956267952919,0.26
615,0.2422000616788864,0.0625,0.6667737811803818,0.24
616,0.0002574920654296875,0.0,0.6341226920485497,0.26
617,0.42596858739852905,0.25,0.6169295608997345,0.28
618,0.6823291778564453,0.5,0.6100925505161285,0.28
619,0.6870618462562561,0.375,0.606475941836834,0.28
620,0.430664986371994,0.25,0.6080847159028053,0.28
621,0.7016603946685791,0.375,0.6222011148929596,0.26
622,0.7255521416664124,0.5625,0.6495561525225639,0.24
623,0.5558765530586243,0.375,0.6809488758444786,0.21999999999999997
624,0.6328996419906616,0.4375,0.710882306098938,0.24
625,0.3610822558403015,0.25,0.8225654140114784,0.30000000000000004
626,0.3120671212673187,0.125,1.1032034531235695,0.42000000000000004
627,0.256855845451355,0.125,1.4603616893291473,0.42000000000000004
628,0.8862921595573425,0.4375,1.283376283943653,0.4
629,0.3822453022003174,0.1875,1.0098049491643906,0.4
630,9.5367431640625e-07,0.0,0.8456311523914337,0.31999999999999995
631,0.35616007447242737,0.1875,0.7656165808439255,0.28
632,0.34101471304893494,0.125,0.7484871447086334,0.26
633,0.42422646284103394,0.25,0.7421286553144455,0.28
634,0.3700055480003357,0.125,0.7360606789588928,0.28
635,0.3955625295639038,0.25,0.7332203164696693,0.26
636,0.47662150859832764,0.3125,0.7346140965819359,0.26
637,0.3865002989768982,0.1875,0.7445225417613983,0.28
638,0.48033851385116577,0.3125,0.7834335342049599,0.30000000000000004
639,0.29281896352767944,0.125,0.8954334706068039,0.36
640,0.29518699645996094,0.125,1.0768634974956512,0.4
641,0.26061123609542847,0.125,1.2493528127670288,0.42000000000000004
642,0.4446156322956085,0.125,1.2956546023488045,0.42000000000000004
643,0.39650920033454895,0.25,1.0979707911610603,0.38
644,9.5367431640625e-07,0.0,0.9595913290977478,0.38
645,0.3373177647590637,0.125,0.8713537454605103,0.31999999999999995
646,0.2117849588394165,0.0625,0.8345456421375275,0.31999999999999995
647,0.3420177698135376,0.1875,0.8254720792174339,0.31999999999999995
648,0.2955307066440582,0.0625,0.8373277559876442,0.31999999999999995
649,0.35088875889778137,0.1875,0.8761542737483978,0.31999999999999995
650,0.41042932868003845,0.1875,0.9867608696222305,0.38
651,0.25879573822021484,0.0625,1.2118658348917961,0.42000000000000004
652,0.403083473443985,0.3125,1.4644211381673813,0.42000000000000004
653,0.24506129324436188,0.0625,1.5336610451340675,0.42000000000000004
654,0.2209799438714981,0.125,1.4161846116185188,0.4
655,0.24275466799736023,0.1875,1.108823023736477,0.38
656,0.3240560293197632,0.0625,0.9018129035830498,0.31999999999999995
657,0.16744011640548706,0.0625,0.7456794828176498,0.26
658,4.76837158203125e-06,0.0,0.6846568658947945,0.26
659,0.3242820203304291,0.1875,0.6752012073993683,0.24
660,0.41080304980278015,0.3125,0.6764133870601654,0.24
661,0.48647233843803406,0.3125,0.6766753941774368,0.24
662,0.34361588954925537,0.1875,0.6797390952706337,0.26
663,0.4153660833835602,0.25,0.7085897773504257,0.26
664,0.48812949657440186,0.375,0.812932126224041,0.28
665,0.265401691198349,0.0625,1.091027408838272,0.33999999999999997
666,0.3240526616573334,0.1875,1.7538719028234482,0.42000000000000004
667,0.1289350986480713,0.0,2.8018701672554016,0.6
668,0.4310852289199829,0.25,2.077796831727028,0.48
669,0.3321847915649414,0.1875,1.1024382635951042,0.38
670,0.28110048174858093,0.0625,0.7280780076980591,0.26
671,0.15474385023117065,0.0,0.6605882793664932,0.24
672,1.71661376953125e-05,0.0,0.6430688202381134,0.24
673,0.3795638680458069,0.25,0.6344820559024811,0.24
674,0.6394669413566589,0.4375,0.6291022673249245,0.26
675,0.6310448050498962,0.375,0.6238367110490799,0.26
676,0.42250317335128784,0.25,0.6200408637523651,0.24
677,0.6200299859046936,0.375,0.6207507625222206,0.24
678,0.5722924470901489,0.375,0.6287165954709053,0.21999999999999997
679,0.43071335554122925,0.1875,0.6646923795342445,0.26
680,0.4610215425491333,0.3125,0.8578585609793663,0.33999999999999997
681,0.17832501232624054,0.0625,1.1649430021643639,0.38
682,0.148380309343338,0.0,1.5386944264173508,0.42000000000000004
683,0.281939297914505,0.1875,1.6600030809640884,0.48
684,0.7017219066619873,0.375,1.2681874334812164,0.42000000000000004
685,0.30590394139289856,0.125,0.8963020667433739,0.36
686,9.5367431640625e-07,0.0,0.6983778327703476,0.30000000000000004
687,0.3057599365711212,0.125,0.6537952870130539,0.26
688,0.36487191915512085,0.25,0.6547417938709259,0.26
689,0.448935866355896,0.3125,0.6546956598758698,0.26
690,0.34389930963516235,0.125,0.6610385477542877,0.26
691,0.4377356171607971,0.25,0.6892605721950531,0.24
692,0.48395732045173645,0.25,0.7932524681091309,0.4
693,0.4513548016548157,0.25,1.040401890873909,0.45999999999999996
694,0.3741994798183441,0.1875,1.6057072579860687,0.48
695,0.28120100498199463,0.125,1.682332694530487,0.54
696,0.35050880908966064,0.1875,1.0466375723481178,0.45999999999999996
697,0.2808131277561188,0.0625,0.9142658412456512,0.36
698,0.3091282248497009,0.0625,0.9183061197400093,0.33999999999999997
699,0.18080925941467285,0.0,0.9736299365758896,0.38
700,9.5367431640625e-07,0.0,1.045617401599884,0.42000000000000004
701,0.2673353850841522,0.0625,1.1433506533503532,0.42000000000000004
702,0.20799565315246582,0.125,1.2225687727332115,0.38
703,0.4371510446071625,0.1875,1.16985572129488,0.4
704,0.25712522864341736,0.0625,1.1035832166671753,0.4
705,0.2676927447319031,0.125,1.053130254149437,0.36
706,0.31328970193862915,0.1875,1.0587095245718956,0.36
707,0.19182933866977692,0.0,1.0957787707448006,0.38
708,0.3327241539955139,0.1875,1.1632411405444145,0.4
709,0.1647762954235077,0.0625,1.236911341547966,0.38
710,0.16492855548858643,0.0,1.3298891112208366,0.4
711,0.15626183152198792,0.0,1.3788347616791725,0.4
712,0.2839702367782593,0.0625,1.3599026054143906,0.4
713,0.23622356355190277,0.0625,1.1389380916953087,0.38
714,0.0,0.0,0.9889101833105087,0.31999999999999995
715,0.23511892557144165,0.0625,0.9013992920517921,0.28
716,0.18644489347934723,0.0625,0.8500480614602566,0.26
717,0.310817152261734,0.125,0.8221925087273121,0.26
718,0.2291548252105713,0.125,0.8249403052031994,0.26
719,0.29888299107551575,0.125,0.8816415257751942,0.26
720,0.3819833993911743,0.1875,1.0156479850411415,0.30000000000000004
721,0.15773358941078186,0.0625,1.224341258406639,0.38
722,0.26530295610427856,0.125,1.5908851474523544,0.42000000000000004
723,0.0827270895242691,0.0,1.9867262542247772,0.4
724,0.1148386150598526,0.0,2.224728688597679,0.42000000000000004
725,0.16147008538246155,0.0625,1.984368622303009,0.4
726,0.22610989212989807,0.0625,1.532734952867031,0.38
727,0.17591258883476257,0.0625,1.0544519759714603,0.28
728,0.0,0.0,0.7918670065701008,0.26
729,0.2293965369462967,0.125,0.6949213966727257,0.28
730,0.30692076683044434,0.125,0.6820003762841225,0.24
731,0.4812670648097992,0.25,0.6972416639328003,0.28
732,0.25374355912208557,0.125,0.802406057715416,0.26
733,0.29273954033851624,0.125,1.0033681578934193,0.28
734,0.3179331123828888,0.1875,1.4070601165294647,0.4
735,0.1396179348230362,0.0625,1.910700500011444,0.43999999999999995
736,0.13421335816383362,0.0,2.5116016566753387,0.56
737,0.18025638163089752,0.0625,2.4337616860866547,0.52
738,0.22223606705665588,0.0625,1.7272728234529495,0.4
739,0.09951615333557129,0.0,1.2891381233930588,0.33999999999999997
740,0.17245690524578094,0.0625,1.0741587989032269,0.30000000000000004
741,0.08553256839513779,0.0,0.9022748470306396,0.28
742,0.0,0.0,0.7790657505393028,0.28
743,0.2621234953403473,0.125,0.7284786403179169,0.28
744,0.3100198805332184,0.125,0.7378559708595276,0.26
745,0.38956135511398315,0.125,0.8578657582402229,0.28
746,0.11679524183273315,0.0625,1.0835416615009308,0.30000000000000004
747,0.2783820927143097,0.125,1.4618362337350845,0.36
748,0.26837998628616333,0.125,2.3028391897678375,0.42000000000000004
749,0.12429942935705185,0.0625,2.9951618015766144,0.5
750,0.14731714129447937,0.0625,3.421341061592102,0.54
751,0.08415308594703674,0.0,3.526602864265442,0.56
752,0.2801890969276428,0.0625,2.179221048951149,0.43999999999999995
753,0.12070071697235107,0.0625,1.316584825515747,0.31999999999999995
754,0.1695789247751236,0.0625,0.8985203951597214,0.28
755,0.0713164433836937,0.0,0.752369798719883,0.28
756,0.0,0.0,0.7869715616106987,0.26
757,0.332405149936676,0.125,0.8078987747430801,0.24
758,0.8114480376243591,0.4375,0.7851274386048317,0.26
759,0.6965767741203308,0.3125,0.7501665726304054,0.28
760,0.17273768782615662,0.0625,0.9441987760365009,0.28
761,0.3165859282016754,0.1875,1.404326532036066,0.36
762,0.3056061863899231,0.1875,2.349914997816086,0.38
763,0.10292328149080276,0.0,4.023159563541412,0.5800000000000001
764,0.24868044257164001,0.0625,5.055391609668732,0.64
765,0.46269309520721436,0.3125,2.8765751719474792,0.52
766,0.12189854681491852,0.0,1.5981959477066994,0.38
767,0.09634588658809662,0.0,1.0429949015378952,0.31999999999999995
768,0.1991671472787857,0.0625,0.7920040935277939,0.28
769,0.1843186765909195,0.0625,0.7698718830943108,0.28
770,5.054473876953125e-05,0.0,0.7395075634121895,0.26
771,0.3742333948612213,0.1875,0.7420069426298141,0.26
772,0.6775522828102112,0.4375,0.7654708549380302,0.26
773,0.5659250020980835,0.3125,0.8718937784433365,0.30000000000000004
774,0.2343386709690094,0.0625,1.1641827374696732,0.45999999999999996
775,0.3034854829311371,0.1875,1.915434718132019,0.45999999999999996
776,0.3985384702682495,0.1875,2.6919378340244293,0.54
777,0.33059293031692505,0.125,1.9358853697776794,0.43999999999999995
778,0.13384830951690674,0.0,1.6816515773534775,0.4
779,0.10952533036470413,0.0625,1.6978672593832016,0.38
780,0.09966592490673065,0.0,1.7989506646990776,0.45999999999999996
781,0.12852723896503448,0.0,1.9280382618308067,0.48
782,0.29170405864715576,0.0625,1.8739149868488312,0.45999999999999996
783,0.3469703793525696,0.1875,1.3222787976264954,0.33999999999999997
784,0.0,0.0,0.9584321118891239,0.33999999999999997
785,0.25788840651512146,0.125,0.7423801124095917,0.31999999999999995
786,0.22176778316497803,0.0625,0.6824360191822052,0.26
787,0.3423764705657959,0.125,0.6749429851770401,0.24
788,0.1872824877500534,0.0625,0.6727385818958282,0.24
789,0.3549511432647705,0.1875,0.680129773914814,0.26
790,0.47493451833724976,0.3125,0.7174775451421738,0.28
791,0.2344631552696228,0.0625,0.8511235229671001,0.33999999999999997
792,0.26843976974487305,0.125,1.1480141505599022,0.36
793,0.11329720914363861,0.0625,1.5710286796092987,0.4
794,0.10135618597269058,0.0,2.1049007177352905,0.45999999999999996
795,0.23509415984153748,0.1875,2.181111752986908,0.45999999999999996
796,0.4244353175163269,0.1875,1.483439989387989,0.4
797,0.17134059965610504,0.0625,0.9908243156969547,0.33999999999999997
798,0.0,0.0,0.7294428944587708,0.28
799,0.25556185841560364,0.125,0.6887031346559525,0.28
800,0.3923085629940033,0.25,0.6882169395685196,0.28
801,0.5013976097106934,0.3125,0.6907208487391472,0.28
802,0.22568534314632416,0.125,0.700293093919754,0.28
803,0.45008283853530884,0.25,0.7306261211633682,0.26
804,0.49273180961608887,0.3125,0.8288381546735764,0.30000000000000004
805,0.256860613822937,0.0625,1.1448993682861328,0.33999999999999997
806,0.19739507138729095,0.0625,1.6461512371897697,0.4
807,0.06938926130533218,0.0,2.4209189116954803,0.45999999999999996
808,0.12396565079689026,0.0,3.390654504299164,0.52
809,0.3695404529571533,0.3125,3.0466375052928925,0.52
810,0.37287411093711853,0.125,2.032911606132984,0.43999999999999995
811,0.2217773199081421,0.0625,1.316215593367815,0.36
812,0.0,0.0,0.9033377021551132,0.30000000000000004
813,0.23976068198680878,0.125,0.7763741761445999,0.28
814,0.33925601840019226,0.1875,0.7532083243131638,0.26
815,0.4572598338127136,0.25,0.7451946586370468,0.28
816,0.2639523446559906,0.125,0.7442461177706718,0.28
817,0.5004147887229919,0.3125,0.7663173824548721,0.26
818,0.504452109336853,0.3125,0.7951093837618828,0.26
819,0.3888029456138611,0.25,0.8840590715408325,0.28
820,0.2977159023284912,0.125,1.1358586326241493,0.30000000000000004
821,0.0742054209113121,0.0,1.5167114473879337,0.36
822,0.10596033185720444,0.0,1.9650092497467995,0.36
823,0.12856638431549072,0.0,2.4654052183032036,0.4
824,0.2808440923690796,0.0625,2.8175453543663025,0.5
825,0.543885350227356,0.25,2.1787324100732803,0.36
826,0.0,0.0,1.7678304091095924,0.4
827,0.2966252863407135,0.125,1.3015386946499348,0.36
828,0.19415010511875153,0.0625,1.0140450857579708,0.30000000000000004
829,0.23949062824249268,0.0625,0.9186813980340958,0.26
830,0.22065740823745728,0.0625,0.899246372282505,0.26
831,0.27832308411598206,0.125,0.9100904166698456,0.26
832,0.4840403199195862,0.3125,0.9309625700116158,0.26
833,0.4399292469024658,0.25,0.9630803316831589,0.28
834,0.4246976673603058,0.25,1.0100060850381851,0.28
835,0.2064770609140396,0.125,1.079987771809101,0.30000000000000004
836,0.1642438769340515,0.0625,1.2322497889399529,0.33999999999999997
837,0.27064722776412964,0.125,1.6972338631749153,0.43999999999999995
838,0.17406491935253143,0.0,2.2939237654209137,0.45999999999999996
839,0.1967935562133789,0.0625,2.2538184002041817,0.4
840,0.0,0.0,2.277163118124008,0.43999999999999995
841,0.34010234475135803,0.1875,1.9924821704626083,0.42000000000000004
842,0.479171484708786,0.1875,1.3948506563901901,0.33999999999999997
843,0.2608034610748291,0.125,0.967533141374588,0.31999999999999995
844,0.12894563376903534,0.0,0.7241012528538704,0.26
845,0.32528620958328247,0.1875,0.6783684939146042,0.21999999999999997
846,0.5075153112411499,0.3125,0.6837310865521431,0.21999999999999997
847,0.44280198216438293,0.25,0.6851172596216202,0.24
848,0.6149044036865234,0.3125,0.6733703166246414,0.21999999999999997
849,0.4003972113132477,0.25,0.6697723120450974,0.21999999999999997
850,0.39725276827812195,0.1875,0.717415064573288,0.28
851,0.340577632188797,0.25,0.872262928634882,0.30000000000000004
852,0.35700494050979614,0.1875,1.0780810005962849,0.33999999999999997
853,0.12004014849662781,0.0,1.292063396424055,0.36
854,0.0,0.0,1.5385517328977585,0.4
855,0.37373843789100647,0.25,1.6608088985085487,0.4
856,0.22390711307525635,0.0625,1.66310153901577,0.4
857,0.6181724071502686,0.375,1.31248127669096,0.38
858,0.26317161321640015,0.0625,1.0176895931363106,0.31999999999999995
859,0.3267674744129181,0.125,0.8404781483113766,0.30000000000000004
860,0.3689444065093994,0.25,0.7598605006933212,0.28
861,0.28619977831840515,0.1875,0.727862574160099,0.26
862,0.43107831478118896,0.3125,0.7183133140206337,0.26
863,0.29093778133392334,0.1875,0.724659375846386,0.26
864,0.33185213804244995,0.1875,0.7461449392139912,0.28
865,0.2941763401031494,0.125,0.8146491050720215,0.30000000000000004
866,0.3662838339805603,0.1875,0.9076765067875385,0.31999999999999995
867,0.1344958394765854,0.0,1.0072888545691967,0.33999999999999997
868,9.5367431640625e-07,0.0,1.1070342436432838,0.31999999999999995
869,0.3009882867336273,0.125,1.2136851660907269,0.33999999999999997
870,0.18160033226013184,0.0625,1.3033257201313972,0.4
871,0.36178454756736755,0.1875,1.3304138258099556,0.4
872,0.18657562136650085,0.0,1.3131308928132057,0.38
873,0.2564273178577423,0.125,1.298717226833105,0.36
874,0.2309158593416214,0.125,1.3057285398244858,0.36
875,0.13505680859088898,0.0,1.3096389025449753,0.36
876,0.27226728200912476,0.0625,1.2691985331475735,0.33999999999999997
877,0.12481345236301422,0.0625,1.2411628291010857,0.33999999999999997
878,0.2328803539276123,0.125,1.2131202518939972,0.31999999999999995
879,0.1436978578567505,0.0,1.1946109607815742,0.31999999999999995
880,0.3401746153831482,0.1875,1.1735062412917614,0.31999999999999995
881,0.11535105109214783,0.0,1.1269737146794796,0.33999999999999997
882,0.0,0.0,1.0856705456972122,0.33999999999999997
883,0.2528381645679474,0.0625,1.0859690681099892,0.33999999999999997
884,0.16803991794586182,0.0625,1.0851392671465874,0.36
885,0.3403475880622864,0.1875,1.0944736413657665,0.36
886,0.10842697322368622,0.0,1.089458517730236,0.36
887,0.23862627148628235,0.125,1.112073440104723,0.33999999999999997
888,0.2470751702785492,0.125,1.1962895542383194,0.36
889,0.09438563138246536,0.0,1.3038447685539722,0.36
890,0.1326589733362198,0.0,1.4036586359143257,0.33999999999999997
891,0.06337186694145203,0.0,1.519757628440857,0.38
892,0.2116849720478058,0.125,1.6008077934384346,0.4
893,0.09749303013086319,0.0,1.6336889788508415,0.4
894,0.22576095163822174,0.0625,1.5653749704360962,0.38
895,0.1323692798614502,0.0,1.352202881127596,0.36
896,0.0,0.0,1.1952070891857147,0.36
897,0.1720905900001526,0.0625,1.0990979708731174,0.36
898,0.17749138176441193,0.0625,1.0224511697888374,0.31999999999999995
899,0.38161125779151917,0.1875,0.9904215186834335,0.28
900,0.06075359880924225,0.0,0.9760879054665565,0.28
901,0.2655484080314636,0.125,1.030568465590477,0.30000000000000004
902,0.3230612576007843,0.1875,1.1821848899126053,0.38
903,0.07385829091072083,0.0,1.3962100557982922,0.36
904,0.0918131172657013,0.0,1.6779319196939468,0.38
905,0.03665050491690636,0.0,1.9764271527528763,0.36
906,0.15183985233306885,0.0625,2.12747822701931,0.38
907,0.07494337111711502,0.0,2.1648924946784973,0.38
908,0.19646871089935303,0.0625,1.975796401500702,0.38
909,0.1278466433286667,0.0,1.5967545621097088,0.36
910,0.0,0.0,1.3538808934390545,0.36
911,0.1677982360124588,0.0625,1.2001299858093262,0.31999999999999995
912,0.17874832451343536,0.0625,1.0835167672485113,0.28
913,0.27199849486351013,0.0625,1.0312319658696651,0.28
914,0.05291232839226723,0.0,1.0068919248878956,0.28
915,0.23586469888687134,0.0625,1.0941641926765442,0.28
916,0.3434479832649231,0.1875,1.2645756024867296,0.30000000000000004
917,0.09007041156291962,0.0625,1.5488398037850857,0.36
918,0.08221174031496048,0.0,1.9320190101861954,0.36
919,0.041064731776714325,0.0,2.431705266237259,0.45999999999999996
920,0.13456286489963531,0.0625,2.2899424880743027,0.38
921,0.059373777359724045,0.0,2.1323493868112564,0.38
922,0.11526885628700256,0.0,1.9598290100693703,0.36
923,0.07887336611747742,0.0,1.7801734022796154,0.36
924,0.0,0.0,1.6360123567283154,0.36
925,0.168857142329216,0.0625,1.5427575837820768,0.33999999999999997
926,0.18576999008655548,0.0625,1.4229486733675003,0.31999999999999995
927,0.23399204015731812,0.0625,1.3578544948250055,0.30000000000000004
928,0.04385777562856674,0.0,1.2886822130531073,0.30000000000000004
929,0.20257768034934998,0.0625,1.3015204761177301,0.30000000000000004
930,0.33903902769088745,0.1875,1.452091533690691,0.31999999999999995
931,0.04662075266242027,0.0,1.6848584543913603,0.38
932,0.06783883273601532,0.0,1.9391028955578804,0.36
933,0.023749342188239098,0.0,2.1744918636977673,0.36
934,0.03972425311803818,0.0,2.3962648808956146,0.31999999999999995
935,0.04926024377346039,0.0,2.5596969202160835,0.36
936,0.15488854050636292,0.0,2.250551212579012,0.36
937,0.07496720552444458,0.0,1.941401632502675,0.36
938,0.0,0.0,1.6860592402517796,0.33999999999999997
939,0.1646302491426468,0.0625,1.5254441816359758,0.33999999999999997
940,0.17486688494682312,0.0625,1.4128230661153793,0.30000000000000004
941,0.2522870600223541,0.0625,1.3569310549646616,0.30000000000000004
942,0.03368557244539261,0.0,1.3008182430639863,0.28
943,0.1893972009420395,0.0625,1.3083676137030125,0.28
944,0.35604655742645264,0.1875,1.446127612143755,0.30000000000000004
945,0.04172041639685631,0.0,1.6712662186473608,0.36
946,0.0714094489812851,0.0,1.9762132354080677,0.36
947,0.024792606011033058,0.0,2.260557796806097,0.36
948,0.0419565811753273,0.0,2.5527487695217133,0.33999999999999997
949,0.04407740756869316,0.0,2.8593542724847794,0.38
950,0.10501373559236526,0.0,3.0071167647838593,0.4
951,0.17729452252388,0.0625,2.2841986007988453,0.36
952,0.0,0.0,1.8786185830831528,0.33999999999999997
953,0.16147416830062866,0.0625,1.5880280453711748,0.30000000000000004
954,0.1646837294101715,0.0625,1.3933631982654333,0.28
955,0.25698983669281006,0.0625,1.2669397862628102,0.26
956,0.06289579719305038,0.0,1.2314219856634736,0.26
957,0.20437473058700562,0.0625,1.2847671285271645,0.28
958,0.3593190312385559,0.1875,1.4488370083272457,0.30000000000000004
959,0.0461830198764801,0.0,1.7291052918881178,0.33999999999999997
960,0.0774509534239769,0.0,2.115551695227623,0.33999999999999997
961,0.028846507892012596,0.0,2.5305408984422684,0.36
962,0.04835522174835205,0.0,3.0480830371379852,0.4
963,0.05139204487204552,0.0,3.6007831692695618,0.54
964,0.15919139981269836,0.0,3.361087590456009,0.43999999999999995
965,0.12576517462730408,0.0,2.5470011979341507,0.33999999999999997
966,0.0,0.0,2.1312531419098377,0.33999999999999997
967,0.17030969262123108,0.0625,1.8225135523825884,0.33999999999999997
968,0.1621454954147339,0.0625,1.564307402819395,0.28
969,0.25788694620132446,0.0625,1.3869780655950308,0.28
970,0.03349795565009117,0.0,1.2471848977729678,0.26
971,0.20917300879955292,0.0625,1.221682763658464,0.24
972,0.436583936214447,0.1875,1.366155231371522,0.28
973,0.08763737231492996,0.0625,1.8027345333248377,0.31999999999999995
974,0.07200264185667038,0.0,2.390088651329279,0.33999999999999997
975,0.030428554862737656,0.0,3.4095634520053864,0.42000000000000004
976,0.169508159160614,0.0625,3.0646481215953827,0.4
977,0.04958152025938034,0.0,2.725026398897171,0.31999999999999995
978,0.08121278882026672,0.0,2.4382552690804005,0.36
979,0.05367864668369293,0.0,2.166911270469427,0.36
980,0.0,0.0,1.9554539695382118,0.31999999999999995
981,0.16514335572719574,0.0625,1.8232358656823635,0.30000000000000004
982,0.1407623142004013,0.0625,1.7208095211535692,0.30000000000000004
983,0.24352416396141052,0.0625,1.651979411020875,0.30000000000000004
984,0.046231381595134735,0.0,1.588967714458704,0.30000000000000004
985,0.1745215803384781,0.0625,1.5700645446777344,0.30000000000000004
986,0.30966025590896606,0.125,1.646199168637395,0.28
987,0.028379706665873528,0.0,1.7778874393552542,0.28
988,0.054035186767578125,0.0,1.9196348804980516,0.33999999999999997
989,0.024040184915065765,0.0,2.0766617842018604,0.33999999999999997
990,0.03029661253094673,0.0,2.22495299205184,0.38
991,0.03562042862176895,0.0,2.3949675038456917,0.38
992,0.07946428656578064,0.0,2.506374839693308,0.38
993,0.06057672202587128,0.0,2.5613319501280785,0.38
994,0.0,0.0,2.612386878579855,0.4
995,0.1755092442035675,0.0625,2.610718682408333,0.4
996,0.1420908123254776,0.0625,2.209843147546053,0.31999999999999995
997,0.22857651114463806,0.0625,2.0191061086952686,0.30000000000000004
998,0.04321453720331192,0.0,1.86168759688735,0.30000000000000004
999,0.19234740734100342,0.0625,1.7570690773427486,0.30000000000000004
1000,0.37428224086761475,0.1875,1.8320737751200795,0.30000000000000004
1001,0.014065766707062721,0.0,1.9090697290375829,0.30000000000000004
1002,0.043730590492486954,0.0,1.9765253141522408,0.30000000000000004
1003,0.008030440658330917,0.0,2.044085619971156,0.31999999999999995
1004,0.01631431095302105,0.0,2.121718654409051,0.31999999999999995
1005,0.016435084864497185,0.0,2.2076541390269995,0.31999999999999995
1006,0.13374143838882446,0.0625,2.3149430379271507,0.31999999999999995
1007,0.034785106778144836,0.0,2.4022301007062197,0.36
1008,0.0,0.0,2.4896774385124445,0.33999999999999997
1009,0.147856205701828,0.0625,2.613880295306444,0.4
1010,0.01943073235452175,0.0,2.7139183916151524,0.38
1011,0.23503293097019196,0.0625,2.70769371278584,0.38
1012,0.35387200117111206,0.0625,2.3816782906651497,0.31999999999999995
1013,0.1577676385641098,0.0625,2.2484391257166862,0.31999999999999995
1014,0.1639692783355713,0.0625,2.254013391211629,0.33999999999999997
1015,0.013856031000614166,0.0,2.2371385972946882,0.33999999999999997
1016,0.046745650470256805,0.0,2.2035775743424892,0.33999999999999997
1017,0.020590266212821007,0.0,2.1913920119404793,0.33999999999999997
1018,0.009037164971232414,0.0,2.178175078704953,0.33999999999999997
1019,0.010250464081764221,0.0,2.1755142882466316,0.33999999999999997
1020,0.23081034421920776,0.125,2.2417845157906413,0.36
1021,0.01713613234460354,0.0,2.2909355480223894,0.36
1022,0.0,0.0,2.338001064956188,0.33999999999999997
1023,0.22721901535987854,0.125,2.854120656847954,0.4
1024,0.17972199618816376,0.0625,3.6280552446842194,0.4
1025,0.7511775493621826,0.1875,1.9705120828002691,0.33999999999999997
1026,0.015008803457021713,0.0,1.2383563686162233,0.26
1027,0.5306739211082458,0.125,1.1322901099920273,0.19999999999999996
1028,0.782071590423584,0.3125,1.0949663147330284,0.24
1029,0.5037520527839661,0.1875,1.0603435803204775,0.28
1030,0.27653664350509644,0.1875,1.461542833596468,0.30000000000000004
1031,0.012388145551085472,0.0,1.9452554322779179,0.30000000000000004
1032,0.034533776342868805,0.0,2.564523085951805,0.42000000000000004
1033,0.0704393982887268,0.0,3.351246178150177,0.5
1034,0.5065481066703796,0.125,2.4730506911873817,0.43999999999999995
1035,0.10607210546731949,0.0,1.9479783326387405,0.38
1036,0.0,0.0,1.5950130186975002,0.36
1037,0.17233113944530487,0.0625,1.3121948763728142,0.31999999999999995
1038,0.11087796092033386,0.0625,1.1207132637500763,0.30000000000000004
1039,0.23174989223480225,0.0625,1.0667953193187714,0.28
1040,0.14299876987934113,0.0625,1.0244404152035713,0.24
1041,0.17993035912513733,0.0625,1.0272765010595322,0.24
1042,0.24225905537605286,0.125,1.0888348706066608,0.30000000000000004
1043,0.17703786492347717,0.125,1.2437246032059193,0.31999999999999995
1044,0.16375494003295898,0.0625,1.4289988912642002,0.33999999999999997
1045,0.12246023118495941,0.0625,1.587900634855032,0.4
1046,0.06797906756401062,0.0,1.727469440549612,0.42000000000000004
1047,0.07289168983697891,0.0,1.8573515191674232,0.4
1048,0.1257970631122589,0.0,1.9206409566104412,0.4
1049,0.09669952094554901,0.0,1.9302284568548203,0.38
1050,0.0,0.0,1.946391511708498,0.38
1051,0.1870185136795044,0.0625,1.9563060440123081,0.36
1052,0.14643511176109314,0.0625,1.8664833717048168,0.36
1053,0.19431264698505402,0.0625,1.8015536405146122,0.33999999999999997
1054,0.08730435371398926,0.0,1.7083147652447224,0.33999999999999997
1055,0.11993999779224396,0.0625,1.6589205469936132,0.33999999999999997
1056,0.1383988857269287,0.0625,1.6825432181358337,0.33999999999999997
1057,0.03747144713997841,0.0,1.691982189193368,0.33999999999999997
1058,0.08203724026679993,0.0,1.6539035215973854,0.36
1059,0.017615512013435364,0.0,1.6170586477965117,0.31999999999999995
1060,0.02275288663804531,0.0,1.5833002235740423,0.31999999999999995
1061,0.027209019288420677,0.0,1.568485077470541,0.31999999999999995
1062,0.10976926237344742,0.0625,1.5827146228402853,0.31999999999999995
1063,0.02422361820936203,0.0,1.587433997541666,0.31999999999999995
1064,0.0,0.0,1.5909533314406872,0.31999999999999995
1065,0.17951147258281708,0.0625,1.656024337746203,0.31999999999999995
1066,0.1554906815290451,0.0625,1.735649773851037,0.36
1067,0.21549178659915924,0.0625,1.8614889960736036,0.33999999999999997
1068,0.03856521099805832,0.0,1.9678721353411674,0.36
1069,0.12001319974660873,0.0625,2.1351191345602274,0.33999999999999997
1070,0.0533217191696167,0.0,2.3121684044599533,0.36
1071,0.04712541773915291,0.0,2.383411940187216,0.33999999999999997
1072,0.10334663838148117,0.0,2.2935911640524864,0.36
1073,0.0177618321031332,0.0,2.2026547119021416,0.33999999999999997
1074,0.023489102721214294,0.0,2.1027773320674896,0.33999999999999997
1075,0.01937503181397915,0.0,2.0054476279765368,0.33999999999999997
1076,0.02959432452917099,0.0,1.9062927812337875,0.31999999999999995
1077,0.024430222809314728,0.0,1.8036467339843512,0.33999999999999997
1078,0.0,0.0,1.7151890434324741,0.33999999999999997
1079,0.17281007766723633,0.0625,1.6884272629395127,0.31999999999999995
1080,0.16104471683502197,0.0625,1.69659813772887,0.31999999999999995
1081,0.2533712089061737,0.0625,1.7664735782891512,0.33999999999999997
1082,0.02899830788373947,0.0,1.808205133304,0.33999999999999997
1083,0.13135765492916107,0.0625,1.9134293347597122,0.31999999999999995
1084,0.06131403148174286,0.0,2.1795644145458937,0.36
1085,0.02176325023174286,0.0,2.451449990272522,0.38
1086,0.043879374861717224,0.0,2.7356678545475006,0.4
1087,0.018667150288820267,0.0,3.0128946006298065,0.48
1088,0.04812019690871239,0.0,2.99597504734993,0.48
1089,0.030080456286668777,0.0,2.8814809322357178,0.42000000000000004
1090,0.055581968277692795,0.0,2.676670491695404,0.38
1091,0.05271438509225845,0.0,2.426767524331808,0.33999999999999997
1092,0.0,0.0,2.250236850231886,0.33999999999999997
1093,0.07782620936632156,0.0,2.175879443064332,0.33999999999999997
1094,0.12343918532133102,0.0625,2.101205974817276,0.33999999999999997
1095,0.19905973970890045,0.0625,2.1025645695626736,0.31999999999999995
1096,0.033266790211200714,0.0,2.058293344452977,0.31999999999999995
1097,0.12678463757038116,0.0625,2.104187661781907,0.31999999999999995
1098,0.04304816573858261,0.0,2.2526946123689413,0.33999999999999997
1099,0.014291496016085148,0.0,2.389077151194215,0.33999999999999997
1100,0.03231846168637276,0.0,2.502312049269676,0.33999999999999997
1101,0.007443143054842949,0.0,2.602293662726879,0.33999999999999997
1102,0.020090922713279724,0.0,2.6633231826126575,0.33999999999999997
1103,0.013911384157836437,0.0,2.6981587074697018,0.33999999999999997
1104,0.029158005490899086,0.0,2.6874876767396927,0.33999999999999997
1105,0.0358046218752861,0.0,2.5925151109695435,0.33999999999999997
1106,0.0,0.0,2.5174499824643135,0.33999999999999997
1107,0.057489361613988876,0.0,2.2451853659003973,0.31999999999999995
1108,0.11462244391441345,0.0625,2.0789855211041868,0.31999999999999995
1109,0.18798337876796722,0.0625,2.1439192397519946,0.31999999999999995
1110,0.013393250294029713,0.0,2.1909430786035955,0.31999999999999995
1111,0.1614723652601242,0.0625,2.322444986552,0.36
1112,0.03655296564102173,0.0,2.562210250645876,0.33999999999999997
1113,0.013162199407815933,0.0,2.799341645091772,0.33999999999999997
1114,0.03431039676070213,0.0,3.0291889533400536,0.38
1115,0.008057022467255592,0.0,3.2733332961797714,0.43999999999999995
1116,0.04257676750421524,0.0,3.1999769657850266,0.43999999999999995
1117,0.01640133000910282,0.0,3.086286634206772,0.42000000000000004
1118,0.03040722943842411,0.0,2.9298601746559143,0.33999999999999997
1119,0.050362057983875275,0.0,2.605377114377916,0.31999999999999995
1120,0.0,0.0,2.3783462047576904,0.36
1121,0.03987718001008034,0.0,2.343838763423264,0.33999999999999997
1122,0.03988374024629593,0.0,2.385955758392811,0.33999999999999997
1123,0.05511193349957466,0.0,2.701258996501565,0.33999999999999997
1124,0.033631328493356705,0.0,2.876429447904229,0.38
1125,0.02963879704475403,0.0,3.3485922813415527,0.42000000000000004
1126,0.09019923955202103,0.0625,3.1923253554850817,0.4
1127,0.021810151636600494,0.0,2.928418737836182,0.38
1128,0.02444433607161045,0.0,2.707445583306253,0.38
1129,0.0015748096629977226,0.0,2.5433978226501495,0.33999999999999997
1130,0.00359553680755198,0.0,2.4052195081021637,0.33999999999999997
1131,0.005870102439075708,0.0,2.2950062555028126,0.31999999999999995
1132,0.0288890041410923,0.0,2.368525654892437,0.31999999999999995
1133,0.00378931756131351,0.0,2.477995260152966,0.36
1134,0.0,0.0,2.6131966200191528,0.38
1135,0.11530468612909317,0.0625,3.5991029664874077,0.5
1136,0.30852118134498596,0.0625,3.0851441451814026,0.4
1137,0.09501465409994125,0.0625,2.275782704469748,0.30000000000000004
1138,0.0030398783273994923,0.0,1.9367015794850886,0.31999999999999995
1139,0.4245925545692444,0.0625,1.881062694825232,0.30000000000000004
1140,0.6190645694732666,0.1875,2.1869750575860962,0.31999999999999995
1141,0.0024717680644243956,0.0,2.4720648175571114,0.33999999999999997
1142,0.02080254629254341,0.0,2.783151668962091,0.36
1143,0.003217472694814205,0.0,3.1998509000986814,0.45999999999999996
1144,0.07577864825725555,0.0625,3.175290673971176,0.48
1145,0.05128525197505951,0.0,2.830784175544977,0.42000000000000004
1146,0.09278175234794617,0.0,2.2723991284146905,0.36
1147,0.020240435376763344,0.0,1.895743717905134,0.31999999999999995
1148,0.0,0.0,1.5908915754407644,0.30000000000000004
1149,0.17551442980766296,0.0625,1.4029325768351555,0.28
1150,0.04477323219180107,0.0,1.323980299755931,0.26
1151,0.2622089684009552,0.0625,1.3543151514604688,0.28
1152,0.03438787907361984,0.0,1.4659238154999912,0.31999999999999995
1153,0.1584194451570511,0.0625,1.6213569454848766,0.31999999999999995
1154,0.11130962520837784,0.0625,1.83447540178895,0.33999999999999997
1155,0.018136974424123764,0.0,2.024799717590213,0.36
1156,0.04086007922887802,0.0,2.2034183964133263,0.38
1157,0.060404419898986816,0.0,2.2657085210084915,0.38
1158,0.042678914964199066,0.0,2.2945850379765034,0.36
1159,0.02806686982512474,0.0,2.2904932610690594,0.36
1160,0.05382193252444267,0.0,2.2414708472788334,0.36
1161,0.046026378870010376,0.0,2.1553104147315025,0.31999999999999995
1162,0.0,0.0,2.0935768987983465,0.31999999999999995
1163,0.06270484626293182,0.0,1.9993293844163418,0.36
1164,0.06990388035774231,0.0625,1.9316229354590178,0.36
1165,0.1185619980096817,0.0625,2.033477227203548,0.36
1166,0.028949938714504242,0.0,2.1037026215344667,0.36
1167,0.06742863357067108,0.0625,2.3272610753774643,0.33999999999999997
1168,0.03687399625778198,0.0,2.5027059596031904,0.36
1169,0.02979171648621559,0.0,2.609967179596424,0.4
1170,0.0990615040063858,0.0625,2.4576504472643137,0.33999999999999997
1171,0.006620153319090605,0.0,2.352184098213911,0.31999999999999995
1172,0.011829704977571964,0.0,2.2673048423603177,0.33999999999999997
1173,0.00731953838840127,0.0,2.193259672727436,0.36
1174,0.015288958325982094,0.0,2.137746370397508,0.36
1175,0.009190202690660954,0.0,2.0767295882105827,0.36
1176,0.0,0.0,2.019977943506092,0.33999999999999997
1177,0.14093580842018127,0.0625,2.150089485105127,0.36
1178,0.11119737476110458,0.0625,2.2953774826601148,0.33999999999999997
1179,0.01528080366551876,0.0,2.4179318882524967,0.31999999999999995
1180,0.024406593292951584,0.0,2.4839557372033596,0.33999999999999997
1181,0.016437245532870293,0.0,2.640918292105198,0.36
1182,0.0205654539167881,0.0,2.7408343199640512,0.38
1183,0.015462416224181652,0.0,2.7757464461028576,0.38
1184,0.02087932825088501,0.0,2.78442220389843,0.38
1185,0.003191836876794696,0.0,2.786195917055011,0.36
1186,0.011777407489717007,0.0,2.7517774142324924,0.36
1187,0.005316621623933315,0.0,2.7175561785697937,0.36
1188,0.012235365808010101,0.0,2.676611435599625,0.36
1189,0.017404869198799133,0.0,2.60434262547642,0.33999999999999997
1190,0.0,0.0,2.549104433041066,0.31999999999999995
1191,0.011865156702697277,0.0,2.486853454262018,0.33999999999999997
1192,0.011097779497504234,0.0,2.4466514447703958,0.36
1193,0.008731735870242119,0.0,2.4122051261365414,0.36
1194,0.005903718061745167,0.0,2.3767583267763257,0.36
1195,0.17253418266773224,0.0625,2.497083902126178,0.33999999999999997
1196,0.00779351219534874,0.0,2.639879367314279,0.31999999999999995
1197,0.00463691633194685,0.0,2.8043079217895865,0.36
1198,0.012000178918242455,0.0,2.9919384606182575,0.38
1199,0.002097752643749118,0.0,3.2204996794462204,0.42000000000000004
1200,0.019056573510169983,0.0,3.2283521071076393,0.4
1201,0.005114401690661907,0.0,3.208621919155121,0.4
1202,0.013154181651771069,0.0,3.146219275891781,0.4
1203,0.03525852784514427,0.0,2.860484052449465,0.36
1204,0.0,0.0,2.681570827960968,0.33999999999999997
1205,0.010689210146665573,0.0,2.532669289736077,0.33999999999999997
1206,0.0029524199198931456,0.0,2.4202986180316657,0.36
1207,0.02799808606505394,0.0,2.47301794285886,0.36
1208,0.004671613220125437,0.0,2.5167154737282544,0.36
1209,0.11400286853313446,0.0625,2.900045429356396,0.33999999999999997
1210,0.007241712883114815,0.0,3.490385591983795,0.38
1211,0.05099685862660408,0.0625,3.4201906099915504,0.4
1212,0.013476085849106312,0.0,3.340708324685693,0.4
1213,0.0014843643875792623,0.0,3.2759459484368563,0.42000000000000004
1214,0.007069658488035202,0.0,3.1942588668316603,0.38
1215,0.0027904706075787544,0.0,3.129749863874167,0.33999999999999997
1216,0.004873945377767086,0.0,3.0804203662555665,0.31999999999999995
1217,0.007296878844499588,0.0,3.0308426283299923,0.33999999999999997
1218,0.0,0.0,2.9955909692216665,0.36
1219,0.006418084260076284,0.0,2.965859659248963,0.36
1220,0.001958030741661787,0.0,2.937734341772739,0.36
1221,0.0027164295315742493,0.0,2.903142239083536,0.36
1222,0.002600345527753234,0.0,2.8640826462651603,0.36
1223,0.2039092481136322,0.0625,3.0696186363929883,0.36
1224,0.002340201986953616,0.0,3.2765170936472714,0.33999999999999997
1225,0.0019607553258538246,0.0,3.611517369747162,0.42000000000000004
1226,0.01766028255224228,0.0,4.050457417964935,0.5
1227,0.001571250963024795,0.0,4.575687184929848,0.5
1228,0.07653315365314484,0.0625,3.436238386668265,0.38
1229,0.010312802158296108,0.0,2.966921515762806,0.36
1230,0.004496121779084206,0.0,2.6242279872240033,0.36
1231,0.0011439197696745396,0.0,2.246057904791087,0.36
1232,0.0,0.0,2.037684083916247,0.28
1233,0.5752418041229248,0.125,1.9845868749544024,0.28
1234,0.008396398276090622,0.0,1.9923491126392037,0.30000000000000004
1235,0.3789997696876526,0.0625,2.589803474373184,0.36
1236,0.022052036598324776,0.0,3.0729929790832102,0.42000000000000004
1237,0.008461765944957733,0.0,3.9070331007242203,0.5
1238,0.01131141372025013,0.0,5.127860963344574,0.6
1239,0.08232042193412781,0.0625,5.083874881267548,0.6
1240,0.03308409824967384,0.0,4.877769768238068,0.62
1241,0.02214352786540985,0.0,4.372030943632126,0.54
1242,0.05951308831572533,0.0,3.255999019369483,0.4
1243,0.0067128269001841545,0.0,2.8559425259009004,0.36
1244,0.008135553449392319,0.0,2.6563339383574203,0.36
1245,0.004735587164759636,0.0,2.431935515953228,0.33999999999999997
1246,0.0,0.0,2.2146860604989342,0.33999999999999997
1247,0.25646597146987915,0.125,2.429990585311316,0.33999999999999997
1248,0.0947156548500061,0.0625,2.675995334982872,0.36
1249,0.0057656429708004,0.0,2.882459171116352,0.36
1250,0.017018871381878853,0.0,3.114451728761196,0.4
1251,0.006509442813694477,0.0,3.4505827352404594,0.48
1252,0.050367485731840134,0.0,3.3031572699546814,0.45999999999999996
1253,0.004669328220188618,0.0,3.1676924638450146,0.42000000000000004
1254,0.011917950585484505,0.0,3.0457879938185215,0.4
1255,0.0016058572800830007,0.0,2.951306626200676,0.36
1256,0.007771005854010582,0.0,2.8566948547959328,0.33999999999999997
1257,0.005106894299387932,0.0,2.7766638919711113,0.33999999999999997
1258,0.011762397363781929,0.0,2.6952066011726856,0.33999999999999997
1259,0.018047191202640533,0.0,2.596096446737647,0.33999999999999997
1260,0.0,0.0,2.514101286418736,0.33999999999999997
1261,0.008697636425495148,0.0,2.4281515451148152,0.36
1262,0.004863266833126545,0.0,2.3493231397587806,0.36
1263,0.006763102486729622,0.0,2.285391899291426,0.36
1264,0.004876655992120504,0.0,2.2277912674471736,0.36
1265,0.21205450594425201,0.0625,2.3102350337430835,0.36
1266,0.05489178001880646,0.0625,2.587890478782356,0.33999999999999997
1267,0.002031904412433505,0.0,2.9227627590298653,0.36
1268,0.009779521264135838,0.0,3.6401305943727493,0.45999999999999996
1269,0.002928350120782852,0.0,4.52348467707634,0.52
1270,0.10874983668327332,0.0625,3.0191576406359673,0.42000000000000004
1271,0.004777035675942898,0.0,2.5152855212800205,0.33999999999999997
1272,0.008458119817078114,0.0,2.174330976093188,0.36
1273,0.004435581620782614,0.0,1.874368489254266,0.31999999999999995
1274,0.0,0.0,1.818871833384037,0.30000000000000004
1275,0.2637171745300293,0.0625,1.8841246664524078,0.28
1276,0.0970115214586258,0.0625,1.7878595050424337,0.33999999999999997
1277,0.27359268069267273,0.0625,2.2934186263009906,0.36
1278,0.006514579989016056,0.0,2.770403040573001,0.33999999999999997
1279,0.09010815620422363,0.0625,4.515422523021698,0.5800000000000001
1280,0.08864302933216095,0.0,5.392688989639282,0.6
1281,0.020685231313109398,0.0,6.009384632110596,0.62
1282,0.08412051945924759,0.0,5.940301954746246,0.62
1283,0.15234534442424774,0.125,3.386441431939602,0.43999999999999995
1284,0.015492203645408154,0.0,2.6377131966874003,0.36
1285,0.005576333962380886,0.0,2.103200955549255,0.36
1286,0.195912703871727,0.0625,1.825801881030202,0.30000000000000004
1287,0.0671146810054779,0.0625,1.8513027373701334,0.30000000000000004
1288,0.0,0.0,1.885569283273071,0.31999999999999995
1289,0.23882457613945007,0.0625,2.001510204747319,0.33999999999999997
1290,0.007407070603221655,0.0,2.159736094530672,0.36
1291,0.16766729950904846,0.0625,2.55405240226537,0.36
1292,0.0135125070810318,0.0,2.9046987891197205,0.36
1293,0.03321080654859543,0.0,3.292326085269451,0.48
1294,0.01309693232178688,0.0,3.7375713288784027,0.43999999999999995
1295,0.008367135189473629,0.0,4.135651111602783,0.45999999999999996
1296,0.028693601489067078,0.0,4.4459569454193115,0.48
1297,0.0050727082416415215,0.0,4.719523012638092,0.54
1298,0.12533137202262878,0.0625,3.078831560909748,0.42000000000000004
1299,0.015597724355757236,0.0,2.543808601796627,0.36
1300,0.01992739550769329,0.0,2.1810082141309977,0.36
1301,0.006664817221462727,0.0,1.850470118690282,0.31999999999999995
1302,0.0,0.0,1.7651674374938011,0.30000000000000004
1303,0.2577647566795349,0.0625,1.8021422326564789,0.31999999999999995
1304,0.12359727919101715,0.0625,1.7804639665409923,0.28
1305,0.1965879201889038,0.0625,2.3606859226711094,0.36
1306,0.011606620624661446,0.0,2.9030003491789103,0.31999999999999995
1307,0.03835952654480934,0.0,4.734917610883713,0.54
1308,0.07673590630292892,0.0,6.541715860366821,0.6
1309,0.07401354610919952,0.0,7.560110330581665,0.64
1310,0.1818622201681137,0.0625,6.921084702014923,0.62
1311,0.0326310358941555,0.0,6.148665487766266,0.62
1312,0.1509203314781189,0.0625,3.32197867333889,0.42000000000000004
1313,0.016653871163725853,0.0,2.305890554562211,0.33999999999999997
1314,0.016284745186567307,0.0,1.7713641002774239,0.33999999999999997
1315,0.019309155642986298,0.0,1.9041883051395416,0.31999999999999995
1316,9.5367431640625e-07,0.0,2.0256947427988052,0.30000000000000004
1317,0.42978915572166443,0.1875,1.9772305339574814,0.31999999999999995
1318,0.3910333216190338,0.3125,2.153602935373783,0.38
1319,0.1589140146970749,0.0625,4.161194801330566,0.48
1320,0.20958395302295685,0.0625,5.345719575881958,0.52
1321,0.08898139744997025,0.0625,5.264733374118805,0.52
1322,0.31307196617126465,0.1875,2.890668449923396,0.33999999999999997
1323,0.010783497244119644,0.0,2.1163171296939254,0.33999999999999997
1324,0.07552827894687653,0.0625,1.6616949141025543,0.30000000000000004
1325,0.0033030530903488398,0.0,1.625297173857689,0.30000000000000004
1326,0.4852283298969269,0.1875,1.5985016077756882,0.28
1327,0.9407891035079956,0.375,1.6348174149170518,0.31999999999999995
1328,0.06743724644184113,0.0,2.1728485533967614,0.33999999999999997
1329,0.05259795859456062,0.0,2.9970554653555155,0.48
1330,0.0,0.0,4.14934029430151,0.5800000000000001
1331,1.57655930519104,0.3125,2.485400792211294,0.45999999999999996
1332,0.14919760823249817,0.0625,1.6354818139225245,0.31999999999999995
1333,0.06864699721336365,0.0,1.187158023007214,0.31999999999999995
1334,0.09657195210456848,0.0625,1.035507656633854,0.26
1335,0.3234040439128876,0.125,1.0028526224195957,0.24
1336,0.49050506949424744,0.25,0.9655012264847755,0.24
1337,0.2745800018310547,0.125,0.9208405874669552,0.24
1338,0.2882954776287079,0.1875,0.8855817764997482,0.26
1339,0.261635422706604,0.125,0.9057496376335621,0.26
1340,0.18040737509727478,0.125,0.9847872518002987,0.30000000000000004
1341,0.1910155862569809,0.0625,1.2055969461798668,0.33999999999999997
1342,0.2097499817609787,0.0625,1.495411530137062,0.38
1343,0.13264742493629456,0.0,1.7556147500872612,0.43999999999999995
1344,0.0,0.0,2.0365817733108997,0.52
1345,0.2569471597671509,0.125,1.8031505718827248,0.48
1346,0.10797426104545593,0.0,1.70786489918828,0.42000000000000004
1347,0.18353287875652313,0.0,1.561831470578909,0.42000000000000004
1348,0.20629245042800903,0.0,1.3964077159762383,0.4
1349,0.24923577904701233,0.125,1.2381346747279167,0.33999999999999997
1350,0.157944455742836,0.0625,1.151642456650734,0.36
1351,0.1052384302020073,0.0,1.0974780842661858,0.33999999999999997
1352,0.11665007472038269,0.0,1.056523533537984,0.30000000000000004
1353,0.03718465939164162,0.0,1.03756545484066,0.31999999999999995
1354,0.08088450878858566,0.0,1.0489778146147728,0.31999999999999995
1355,0.1179538294672966,0.0,1.10388064943254,0.33999999999999997
1356,0.18774159252643585,0.0625,1.1653939187526703,0.36
1357,0.04864257946610451,0.0,1.2225486319512129,0.36
1358,0.0,0.0,1.2787777371704578,0.36
1359,0.14710845053195953,0.0625,1.351356789469719,0.36
1360,0.0478077307343483,0.0,1.4431446511298418,0.36
1361,0.04897495359182358,0.0,1.536611333489418,0.38
1362,0.04362896829843521,0.0,1.6124787796288729,0.38
1363,0.15814131498336792,0.0625,1.6784297116100788,0.38
1364,0.07393393665552139,0.0625,1.805765874683857,0.33999999999999997
1365,0.03294728696346283,0.0,1.932173252105713,0.36
1366,0.1199452206492424,0.0625,1.9674636833369732,0.36
1367,0.008470379747450352,0.0,2.0012768656015396,0.38
1368,0.02282717078924179,0.0,2.0202363207936287,0.38
1369,0.059017229825258255,0.0,1.9352181125432253,0.36
1370,0.06331448256969452,0.0,1.8368017598986626,0.33999999999999997
1371,0.03793959692120552,0.0,1.7284432612359524,0.36
1372,0.0,0.0,1.632759254425764,0.36
1373,0.10478594899177551,0.0625,1.6424920884892344,0.36
1374,0.007518410682678223,0.0,1.6564953560009599,0.36
1375,0.05314002186059952,0.0,1.7506962167099118,0.36
1376,0.022103894501924515,0.0,1.817240339703858,0.36
1377,0.09758169949054718,0.0625,2.0141947995871305,0.33999999999999997
1378,0.02101193368434906,0.0,2.2821965403854847,0.36
1379,0.011541449464857578,0.0,2.6010206788778305,0.43999999999999995
1380,0.02730339765548706,0.0,2.982145309448242,0.54
1381,0.012607685290277004,0.0,3.3765676617622375,0.5800000000000001
1382,0.04768550395965576,0.0,3.235644280910492,0.56
1383,0.0582486130297184,0.0,2.674124136567116,0.45999999999999996
1384,0.0714683011174202,0.0,2.1366544999182224,0.33999999999999997
1385,0.01678493246436119,0.0,1.790605547837913,0.36
1386,0.0,0.0,1.5494254294317216,0.31999999999999995
1387,0.1762881875038147,0.0625,1.4795253849588335,0.28
1388,0.015157366171479225,0.0,1.4533951724879444,0.30000000000000004
1389,0.19273608922958374,0.0625,1.535204645479098,0.31999999999999995
1390,0.003363097319379449,0.0,1.6165607606526464,0.33999999999999997
1391,0.21322931349277496,0.0625,1.7553600193932652,0.33999999999999997
1392,0.08782727271318436,0.0625,2.0375400204211473,0.30000000000000004
1393,0.004436287563294172,0.0,2.4466605484485626,0.4
1394,0.016348302364349365,0.0,3.1723378598690033,0.5
1395,0.006668641697615385,0.0,3.9552096724510193,0.54
1396,0.24717333912849426,0.1875,2.7393295913934708,0.43999999999999995
1397,0.04045400395989418,0.0,2.018470576032996,0.31999999999999995
1398,0.016817953437566757,0.0,1.7134954105131328,0.33999999999999997
1399,0.006135622970759869,0.0,1.4608413325622678,0.33999999999999997
1400,0.0,0.0,1.327279003802687,0.24
1401,0.28084346652030945,0.0625,1.3262675143778324,0.24
1402,0.10063240677118301,0.0625,1.3302735164761543,0.24
1403,0.4510582387447357,0.1875,1.3124039741232991,0.30000000000000004
1404,0.042535360902547836,0.0,1.5554163288325071,0.31999999999999995
1405,0.17927318811416626,0.0625,1.883771937340498,0.33999999999999997
1406,0.019326742738485336,0.0,2.464727520942688,0.45999999999999996
1407,0.019149063155055046,0.0,3.3668294847011566,0.54
1408,0.0380813330411911,0.0,4.219753324985504,0.6
1409,0.0796322152018547,0.0,4.5807377099990845,0.64
1410,0.47545838356018066,0.1875,3.3814867734909058,0.54
1411,0.22589008510112762,0.1875,2.037821352481842,0.38
1412,0.05688748136162758,0.0,1.4425000883638859,0.33999999999999997
1413,0.01212348509579897,0.0,1.217459999024868,0.21999999999999997
1414,4.482269287109375e-05,0.0,1.4301704466342926,0.28
1415,0.2562914490699768,0.0625,1.5714935511350632,0.28
1416,0.7359837293624878,0.375,1.5042534172534943,0.28
1417,1.1240615844726562,0.375,1.4396572411060333,0.33999999999999997
1418,0.2658085823059082,0.125,1.5395794063806534,0.38
1419,0.06982053071260452,0.0,2.1108384020626545,0.48
1420,0.1684417873620987,0.0625,2.409491866827011,0.56
1421,0.2914646565914154,0.0625,2.173827573657036,0.52
1422,0.14376115798950195,0.0625,2.0051243007183075,0.54
1423,0.05546233430504799,0.0,2.157730370759964,0.45999999999999996
1424,0.10618197172880173,0.0,2.3944045305252075,0.52
1425,0.23228499293327332,0.25,2.344095140695572,0.52
1426,0.46353885531425476,0.25,1.7375430911779404,0.42000000000000004
1427,0.13440629839897156,0.0,1.2950224541127682,0.33999999999999997
1428,2.86102294921875e-06,0.0,1.0376233905553818,0.33999999999999997
1429,0.10623539984226227,0.0625,0.9036200270056725,0.26
1430,0.1556183099746704,0.0625,0.858067475259304,0.28
1431,0.2592194378376007,0.125,0.8580902069807053,0.24
1432,0.10052242875099182,0.0625,0.855465479195118,0.26
1433,0.3359464108943939,0.125,0.851366825401783,0.28
1434,0.3916509747505188,0.1875,0.9207129795104265,0.28
1435,0.0871431827545166,0.0,1.0941846668720245,0.33999999999999997
1436,0.1022326871752739,0.0,1.3898216634988785,0.36
1437,0.01999659277498722,0.0,1.8814030289649963,0.5
1438,0.1172800287604332,0.0625,2.367097496986389,0.54
1439,0.13877390325069427,0.0,2.5880344212055206,0.56
1440,0.3091387152671814,0.0625,2.2129120230674744,0.54
1441,0.28892526030540466,0.1875,1.5287220552563667,0.33999999999999997
1442,1.9073486328125e-06,0.0,1.2264936063438654,0.33999999999999997
1443,0.05703885853290558,0.0,1.0327891148626804,0.31999999999999995
1444,0.12039171904325485,0.0625,0.9110145345330238,0.26
1445,0.17111963033676147,0.0625,0.8830703683197498,0.28
1446,0.0759321004152298,0.0625,0.8984666019678116,0.21999999999999997
1447,0.3074224889278412,0.125,0.9031007178127766,0.26
1448,0.4308692514896393,0.1875,0.9456898253411055,0.26
1449,0.18507717549800873,0.0625,1.1444902960211039,0.30000000000000004
1450,0.14449089765548706,0.125,1.450659915804863,0.36
1451,0.019958753138780594,0.0,1.8221886828541756,0.33999999999999997
1452,0.0538359135389328,0.0,2.347848117351532,0.48
1453,0.07302409410476685,0.0,3.0091408491134644,0.54
1454,0.18644069135189056,0.0,3.275293856859207,0.56
1455,0.31508293747901917,0.125,2.431791752576828,0.5
1456,0.0,0.0,1.9540848024189472,0.36
1457,0.2104700207710266,0.125,1.4719063863158226,0.36
1458,0.11104784160852432,0.0625,1.1608409117907286,0.30000000000000004
1459,0.0849401205778122,0.0,1.0107281245291233,0.28
1460,0.08472993969917297,0.0625,0.9797661006450653,0.28
1461,0.2712049186229706,0.125,0.99495530128479,0.26
1462,0.47384747862815857,0.25,0.9978896975517273,0.26
1463,0.35737311840057373,0.3125,0.9916624426841736,0.26
1464,0.2600151598453522,0.1875,1.0825427044183016,0.30000000000000004
1465,0.054828520864248276,0.0,1.313224708661437,0.31999999999999995
1466,0.07199525088071823,0.0,1.655454957857728,0.33999999999999997
1467,0.08634302765130997,0.0625,2.0735379233956337,0.33999999999999997
1468,0.11472812294960022,0.0,2.542807176709175,0.4
1469,0.12631665170192719,0.0625,2.9962638318538666,0.45999999999999996
1470,0.0,0.0,3.514354407787323,0.43999999999999995
1471,0.8081094026565552,0.375,2.0403902977705,0.38
1472,0.08989137411117554,0.0,1.4159899149090052,0.31999999999999995
1473,0.07024084776639938,0.0,1.0870380569249392,0.30000000000000004
1474,0.07632418721914291,0.0,1.0913959443569183,0.26
1475,0.26929107308387756,0.125,1.1224543899297714,0.28
1476,0.5585967302322388,0.3125,1.1320727840065956,0.28
1477,0.43877938389778137,0.25,1.1299246400594711,0.26
1478,0.29648762941360474,0.125,1.136939711868763,0.21999999999999997
1479,0.17225110530853271,0.125,1.4375521782785654,0.31999999999999995
1480,0.05070152133703232,0.0,2.308960609138012,0.42000000000000004
1481,0.05964091420173645,0.0,4.313088834285736,0.62
1482,0.8707788586616516,0.25,2.0597005877643824,0.36
1483,0.06699369847774506,0.0,1.4497534986585379,0.31999999999999995
1484,0.0,0.0,1.1071438360959291,0.30000000000000004
1485,0.14551925659179688,0.0625,1.0059366002678871,0.24
1486,0.23948368430137634,0.1875,0.9881240651011467,0.21999999999999997
1487,0.4144546389579773,0.25,0.9613795056939125,0.21999999999999997
1488,0.10263559967279434,0.0625,0.9474827945232391,0.24
1489,0.3319556415081024,0.125,0.984175224788487,0.31999999999999995
1490,0.34501874446868896,0.1875,1.1167898178100586,0.31999999999999995
1491,0.052963633090257645,0.0,1.3206997029483318,0.36
1492,0.09672018885612488,0.0,1.5642314031720161,0.36
1493,0.0373133160173893,0.0,1.8589762449264526,0.43999999999999995
1494,0.09718286991119385,0.0,2.1414816826581955,0.5
1495,0.17795707285404205,0.1875,2.193826138973236,0.5
1496,0.2029506266117096,0.0625,2.030022144317627,0.48
1497,0.22034552693367004,0.125,1.6700839400291443,0.4
1498,0.0,0.0,1.4347098879516125,0.33999999999999997
1499,0.08999587595462799,0.0,1.2517230696976185,0.36
1500,0.12607219815254211,0.0625,1.1213009264320135,0.31999999999999995
